_id,Fecha y hora,Departamento,Localidad,Jurisdiccion,Tipo de Siniestro,Vehiculo,Rol,Edad,Sexo,Fallecido a los Dias,Otro vehiculo,Lugar del Siniestro,X,Y
1,2018-02-01T21:00:00,MONTEVIDEO,MONTEVIDEO,DEPARTAMENTAL,COLISIÓN ENTRE VEHÍCULOS,MOTO,CONDUCTOR,59,M,6,OMNIBUS,AVENIDA GENERAL EUGENIO GARZON ESQ.ISLAS CANARIAS,571142.1911,6144079.3972
2,2018-03-01T04:53:00,MALDONADO,SAN CARLOS,DEPARTAMENTAL,COLISIÓN ENTRE VEHÍCULOS,MOTO,CONDUCTOR,20,M,0,CAMION,JACINTO MARIA ALVARIZA ESQ. TREINTA Y TRES,690204.0954,6148101.4271
3,2018-03-01T08:30:00,MONTEVIDEO,MONTEVIDEO,NACIONAL,COLISIÓN ENTRE VEHÍCULOS,MOTO,CONDUCTOR,28,M,0,CAMION,"RUTA 102 KM 28,000",585614.71,6149072.53
4,2018-03-01T23:21:00,CANELONES,N/C,NACIONAL,COLISIÓN ENTRE VEHÍCULOS,AUTO,CONDUCTOR,42,M,0,CAMION,"RUTA 36 KM 25,600",564459.66,6160551.78
5,2018-05-01T10:20:00,MONTEVIDEO,MONTEVIDEO,DEPARTAMENTAL,COLISIÓN ENTRE VEHÍCULOS,MOTO,CONDUCTOR,15,M,2,OMNIBUS,LARRAVIDE ESQ. JOSE ANTONIO CABRERA,578811.2656,6140469.7088
6,2018-06-01T13:04:00,RIO NEGRO,FRAY BENTOS,DEPARTAMENTAL,DESPISTE,MOTO,CONDUCTOR,62,M,2,"",CAMINO SAN SALVADOR ESQ. C. ALZAIBAR,378317.8154,6332709.6675
7,2018-06-01T10:17:00,CANELONES,DR. FRANCISCO SOCA,NACIONAL,DESPISTE,AUTO,PASAJERO,2,M,1,"","RUTA 8 KM 55,500",617900.78,6161290.32
8,2018-06-01T16:05:00,MONTEVIDEO,MONTEVIDEO,DEPARTAMENTAL,DESPISTE,CAMIONETA,CONDUCTOR,19,M,1,"",DOCTOR MARTIN HARRETCHE ESQ. CAMINO CIBILS,567418.0472,6138762.7162
9,2018-06-01T19:36:00,CANELONES,N/C,NACIONAL,COLISIÓN ENTRE VEHÍCULOS,MOTO,CONDUCTOR,30,M,0,AUTO,"RUTA 11 KM 94,000",562608.06,6181485.52
10,2018-06-01T22:19:00,CANELONES,CIUDAD DE LA COSTA,DEPARTAMENTAL,ATROPELLO DE PEATÓN,PEATÓN,PEATÓN,30,M,0,AUTO,RAMBLA COSTANERA ESQ. FLORIANOPOLIS,599036.28942466,6147024.62497137
11,2018-07-01T17:00:00,CERRO LARGO,N/C,NACIONAL,DESPISTE,MOTO,CONDUCTOR,63,M,0,"","RUTA 44 KM 6,500",731400.01979543,6404537.21916322
12,2018-08-01T01:25:00,TACUAREMBO,PASO DE LOS TOROS,NACIONAL,COLISIÓN ENTRE VEHÍCULOS,BICICLETA,CONDUCTOR,63,M,0,OMNIBUS,"RUTA 5 KM 250,500",545905.34,6370146.78
13,2018-10-01T15:45:00,RIO NEGRO,N/C,NACIONAL,DESPISTE,AUTO,CONDUCTOR,35,M,1,"","RUTA 24 KM 77,300",404927.82,6393946.94
14,2018-12-01T11:55:00,TACUAREMBO,N/C,NACIONAL,COLISIÓN ENTRE VEHÍCULOS,AUTO,PASAJERO,63,F,0,CAMIONETA,"RUTA 5 KM 309,000",570274.52,6421267.81
15,2018-12-01T11:55:00,TACUAREMBO,N/C,NACIONAL,COLISIÓN ENTRE VEHÍCULOS,CAMIONETA,PASAJERO,17,M,0,AUTO,"RUTA 5 KM 309,000",570274.52,6421267.81
16,2018-01-13T12:30:00,FLORIDA,FLORIDA,NACIONAL,COLISIÓN ENTRE VEHÍCULOS,AUTO,CONDUCTOR,55,M,0,CAMION,"RUTA 5 KM 100,000",570532.8,6229303.85
17,2018-01-13T12:30:00,FLORIDA,FLORIDA,NACIONAL,COLISIÓN ENTRE VEHÍCULOS,AUTO,PASAJERO,52,F,0,CAMION,"RUTA 5 KM 100,000",570532.8,6229303.85
18,2018-01-13T21:54:00,ROCHA,CASTILLOS,DEPARTAMENTAL,DESPISTE,MOTO,CONDUCTOR,26,M,1,"",ROCHA ESQ. Cno La Horqueta,788981.0557,6211482.8024
19,2018-01-14T06:50:00,CANELONES,N/C,NACIONAL,COLISIÓN ENTRE VEHÍCULOS,MOTO,CONDUCTOR,53,M,0,CAMIONETA,"RUTA 7 KM 43,000",597203.36,6169114.4
20,2018-01-14T18:30:00,MONTEVIDEO,MONTEVIDEO,DEPARTAMENTAL,COLISIÓN ENTRE VEHÍCULOS,MOTO,CONDUCTOR,81,M,0,CAMIONETA,JUAN ROSAS ESQ. CAYAMBE,576533.5912,6143585.5155
21,2018-01-16T13:31:00,TREINTA Y TRES,TREINTA Y TRES,DEPARTAMENTAL,COLISIÓN ENTRE VEHÍCULOS,MOTO,CONDUCTOR,19,M,17,CAMION,PANTALEON ARTIGAS ESQ. AVELINO MIRANDA,743788.9247,6320288.2181
22,2018-01-16T18:30:00,SAN JOSE,CIUDAD DEL PLATA,DEPARTAMENTAL,CAÍDA,MOTO,CONDUCTOR,61,M,1,"",DOCE DE OCTUBRE ESQ. COLON,558090.2127,6151738.6656
23,2018-01-16T21:38:00,DURAZNO,DURAZNO,DEPARTAMENTAL,COLISIÓN ENTRE VEHÍCULOS,AUTO,CONDUCTOR,88,M,13,CAMION,P. TUBORAS ESQ. GENERAL JUAN ANTONIO LAVALLEJA,544148.6051,6307103.2424
24,2018-01-17T21:50:00,MALDONADO,PIRIAPOLIS,DEPARTAMENTAL,ATROPELLO DE PEATÓN,PEATÓN,PEATÓN,21,M,2,AUTO,GENERAL JOSE G. ARTIGAS ESQ. GENERAL FRUCTUOSO RIVERA,657576.7491,6141989.867
25,2018-01-20T04:50:00,MALDONADO,PAN DE AZUCAR,DEPARTAMENTAL,COLISIÓN ENTRE VEHÍCULOS,MOTO,CONDUCTOR,56,M,0,OMNIBUS,FELIX DE LIZARZA ESQ. SARANDI,662610.06763219,6150634.84755182
26,2018-01-20T07:55:00,PAYSANDU,PAYSANDU,DEPARTAMENTAL,COLISIÓN ENTRE VEHÍCULOS,MOTO,CONDUCTOR,47,M,1,OMNIBUS,GENERAL LEANDRO GOMEZ ESQ. DOCTOR LUIS ALBERTO DE HERRERA,398046.737,6423773.8945
27,2018-01-20T09:48:00,TACUAREMBO,PASO DE LOS TOROS,DEPARTAMENTAL,CAÍDA,MOTO,CONDUCTOR,83,M,3,"",DOCTOR LUIS ALBERTO DE HERRERA ESQ. BOULEVARD JOSE GERVASIO ARTIGAS,546641.9339,6368848.3354
28,2018-01-21T08:00:00,SAN JOSE,CIUDAD DEL PLATA,DEPARTAMENTAL,DESPISTE,MOTO,CONDUCTOR,28,M,1,"",GOLETA ESQ. MALACA,558065.8138,6153492.2156
29,2018-01-21T10:20:00,FLORIDA,N/C,NACIONAL,DESPISTE,AUTO,CONDUCTOR,33,M,0,"","RUTA 42 KM 18,000",578639.12,6273594.09
30,2018-01-21T10:20:00,FLORIDA,N/C,NACIONAL,DESPISTE,AUTO,PASAJERO,75,F,0,"","RUTA 42 KM 18,000",578639.12,6273594.09
31,2018-01-21T11:24:00,CANELONES,BALNEARIO ARGENTINO,NACIONAL,COLISIÓN ENTRE VEHÍCULOS,AUTO,PASAJERO,62,F,4,CAMIONETA,"RUTA INTERBALNEARIA KM 76,000",642084.39,6150439.56
32,2018-01-21T18:00:00,CANELONES,PANDO,DEPARTAMENTAL,COLISIÓN ENTRE VEHÍCULOS,MOTO,CONDUCTOR,22,M,0,MOTO,LORENZO CARNELLI ESQ. FRANCISCO MENESES,595221.8696,6158282.113
33,2018-01-22T18:20:00,SALTO,SALTO,DEPARTAMENTAL,COLISIÓN ENTRE VEHÍCULOS,MOTO,CONDUCTOR,17,M,0,CAMION,AVENIDA MANUEL ORIBE ESQ. AVENIDA ARENAL GRANDE,412000.7036,6527103.4246
34,2018-01-24T03:05:00,TACUAREMBO,N/C,DEPARTAMENTAL,ATROPELLO DE ANIMALES,MOTO,CONDUCTOR,19,M,0,"",AV. GUTIERREZ RUIZ ESQ. CAMINO VECINAL LOS ESPINILLOS,597235.79624034,6495936.3915449
35,2018-01-25T05:45:00,SALTO,SALTO,DEPARTAMENTAL,COLISIÓN ENTRE VEHÍCULOS,MOTO,CONDUCTOR,53,M,0,OMNIBUS,AVENIDA MANUEL ORIBE ESQ. AVENIDA DEFENSA,413668.9173,6527062.8307
36,2018-01-25T15:00:00,CANELONES,PROGRESO,DEPARTAMENTAL,COLISIÓN ENTRE VEHÍCULOS,MOTO,PASAJERO,18,M,1,CAMIONETA,DIEGO FERNANDEZ ESQ. AMERICO VESPUCIO,571413.0654,6160335.9756
37,2018-01-25T18:10:00,CANELONES,ESTACION ATLANTIDA,NACIONAL,COLISIÓN ENTRE VEHÍCULOS,MOTO,CONDUCTOR,80,M,9,CAMION,"RUTA 11 KM 163,000",613008.07,6155186.01
38,2018-01-26T19:00:00,MALDONADO,N/C,NACIONAL,COLISIÓN ENTRE VEHÍCULOS,AUTO,CONDUCTOR,21,M,0,AUTO,"RUTA 37 KM 7,500",660121.16716294,6145324.39982859
39,2018-01-26T19:00:00,MALDONADO,N/C,NACIONAL,COLISIÓN ENTRE VEHÍCULOS,AUTO,PASAJERO,45,M,0,AUTO,"RUTA 37 KM 7,500",660121.16716294,6145324.39982859
40,2018-01-27T18:53:00,MALDONADO,N/C,NACIONAL,COLISIÓN ENTRE VEHÍCULOS,CAMIONETA,CONDUCTOR,25,F,0,CAMIONETA,"RUTA 9 KM 135,000",688338.14,6152525
41,2018-01-27T18:53:00,MALDONADO,N/C,NACIONAL,COLISIÓN ENTRE VEHÍCULOS,CAMIONETA,PASAJERO,32,F,0,CAMIONETA,"RUTA 9 KM 135,000",688338.14,6152525
42,2018-01-27T18:53:00,MALDONADO,N/C,NACIONAL,COLISIÓN ENTRE VEHÍCULOS,CAMIONETA,PASAJERO,18,F,0,CAMIONETA,"RUTA 9 KM 135,000",688338.14,6152525
43,2018-01-27T18:53:00,MALDONADO,N/C,NACIONAL,COLISIÓN ENTRE VEHÍCULOS,CAMIONETA,PASAJERO,19,F,0,CAMIONETA,"RUTA 9 KM 135,000",688338.14,6152525
44,2018-01-27T18:53:00,MALDONADO,N/C,NACIONAL,COLISIÓN ENTRE VEHÍCULOS,CAMIONETA,PASAJERO,37,F,0,CAMIONETA,"RUTA 9 KM 135,000",688338.14,6152525
45,2018-01-27T18:53:00,MALDONADO,N/C,NACIONAL,COLISIÓN ENTRE VEHÍCULOS,CAMIONETA,PASAJERO,26,M,0,CAMIONETA,"RUTA 9 KM 135,000",688338.14,6152525
46,2018-01-27T18:53:00,MALDONADO,N/C,NACIONAL,COLISIÓN ENTRE VEHÍCULOS,CAMIONETA,PASAJERO,37,F,0,CAMIONETA,"RUTA 9 KM 135,000",688338.14,6152525
47,2018-01-27T18:53:00,MALDONADO,N/C,NACIONAL,COLISIÓN ENTRE VEHÍCULOS,CAMIONETA,PASAJERO,20,F,1,CAMIONETA,"RUTA 9 KM 135,000",688338.14,6152525
48,2018-01-27T20:50:00,ARTIGAS,N/C,NACIONAL,COLISIÓN ENTRE VEHÍCULOS,AUTO,PASAJERO,51,F,1,CAMIONETA,"RUTA 3 KM 590,000",435951.44,6620165.24
49,2018-01-27T20:50:00,ARTIGAS,N/C,NACIONAL,COLISIÓN ENTRE VEHÍCULOS,AUTO,PASAJERO,16,M,1,CAMIONETA,"RUTA 3 KM 590,000",435951.44,6620165.24
50,2018-01-31T19:20:00,MONTEVIDEO,MONTEVIDEO,DEPARTAMENTAL,COLISIÓN ENTRE VEHÍCULOS,MOTO,CONDUCTOR,21,M,7,OMNIBUS,CAMINO FRANCISCO LECOCQ ESQ. CAMINO ARIEL,569647.6949,6146587.6844
51,2018-01-02T01:26:00,MONTEVIDEO,MONTEVIDEO,NACIONAL,ATROPELLO DE PEATÓN,PEATÓN,PEATÓN,43,M,0,CAMION,RUTA 5 ESQ. AV. LUIS BATLLE BERRES,568224.32562782,6144271.06326237
52,2018-01-02T13:00:00,LAVALLEJA,MINAS,NACIONAL,COLISIÓN ENTRE VEHÍCULOS,MOTO,CONDUCTOR,46,M,0,OMNIBUS,"RUTA 12 KM 344,000",662024.27896062,6193615.72648691
53,2018-01-02T15:19:00,MALDONADO,N/C,NACIONAL,COLISIÓN ENTRE VEHÍCULOS,MOTO,CONDUCTOR,52,M,0,CAMION,"RUTA 9 KM 133,000",686442.63,6153036.32
54,2018-01-02T21:20:00,CERRO LARGO,N/C,NACIONAL,COLISIÓN ENTRE VEHÍCULOS,CAMION,CONDUCTOR,46,M,1,CAMIONETA,"RUTA 18 KM 382,000",818984.95121529,6383568.94806002
55,2018-02-02T16:33:00,MONTEVIDEO,MONTEVIDEO,NACIONAL,COLISIÓN ENTRE VEHÍCULOS,MOTO,CONDUCTOR,52,M,0,CAMIONETA,RUTA DE ACCESO ESQ. INGENIERO JUAN ALBERTO CAPURRO,571609.2606,6140806.653
56,2018-03-02T04:55:00,CANELONES,VILLA ARGENTINA,NACIONAL,ATROPELLO DE PEATÓN,PEATÓN,PEATÓN,21,M,0,CAMION,"RUTA INTERBALNEARIA KM 44,200",611845.38,6152077.09
57,2018-04-02T05:00:00,TREINTA Y TRES,EJIDO DE TREINTA Y TRES,NACIONAL,COLISIÓN ENTRE VEHÍCULOS,MOTO,CONDUCTOR,18,M,1,AUTO,RUTA 17 ESQ. GRAL. FLORES,745762.2908,6321879.4455
58,2018-04-02T06:25:00,CANELONES,N/C,NACIONAL,DESPISTE,MOTO,CONDUCTOR,19,M,0,"","RUTA 7 KM 80,000",615184.49,6199997.64
59,2018-04-02T16:20:00,CANELONES,N/C,NACIONAL,COLISIÓN ENTRE VEHÍCULOS,AUTO,PASAJERO,41,F,0,AUTO,"RUTA 6 KM 44,000",586638.57,6174719.12
60,2018-04-02T16:20:00,CANELONES,N/C,NACIONAL,COLISIÓN ENTRE VEHÍCULOS,AUTO,CONDUCTOR,62,M,2,AUTO,"RUTA 6 KM 44,000",586638.57,6174719.12
61,2018-04-02T19:00:00,MONTEVIDEO,MONTEVIDEO,DEPARTAMENTAL,ATROPELLO DE PEATÓN,PEATÓN,PEATÓN,41,M,1,AUTO,BOULEVARD GENERAL ARTIGAS ESQ. GOES,576268.2481,6138532.4291
62,2018-05-02T00:30:00,FLORIDA,FLORIDA,DEPARTAMENTAL,COLISIÓN ENTRE VEHÍCULOS,MOTO,CONDUCTOR,19,M,1,MOTO,SIMON DEL PINO ESQ. SANTIAGO SIERRA,573363.28965894,6226539.22781087
63,2018-08-02T07:23:00,CANELONES,N/C,NACIONAL,CAÍDA,MOTO,CONDUCTOR,66,M,0,"","RUTA 63 KM 18,000",590118.58723256,6202974.32228743
64,2018-08-02T18:25:00,SORIANO,N/C,NACIONAL,DESPISTE,CAMIONETA,PASAJERO,,M,0,"","RUTA 2 KM 233,000",431730.4,6285850.75
65,2018-09-02T20:34:00,TREINTA Y TRES,EJIDO DE TREINTA Y TRES,DEPARTAMENTAL,ATROPELLO DE PEATÓN,PEATÓN,PEATÓN,77,M,0,MOTO,ANDRES CHEVESTE esq. VALENTIN OLIVERA ORTIZ,744186.5205,6321505.6703
66,2018-10-02T03:56:00,SAN JOSE,CIUDAD DEL PLATA,NACIONAL,ATROPELLO DE PEATÓN,PEATÓN,PEATÓN,35,M,0,OMNIBUS,"RUTA 1 KM 33,000",549857.64,6156246.47
67,2018-11-02T04:00:00,COLONIA,N/C,NACIONAL,DESPISTE,AUTO,PASAJERO,36,F,1,"","RUTA 1 KM 170,000",429026.14,6188535.35
68,2018-11-02T07:57:00,PAYSANDU,N/C,NACIONAL,DESPISTE,CAMIONETA,PASAJERO,68,F,0,"","RUTA 26 KM 73,000",454008.87,6460120.4
69,2018-11-02T17:40:00,MONTEVIDEO,MONTEVIDEO,DEPARTAMENTAL,COLISIÓN ENTRE VEHÍCULOS,MOTO,PASAJERO,21,F,0,AUTO,CAMINO GENERAL LEANDRO GOMEZ esq. TIMBUES,577193.6315,6145306.8616
70,2018-11-02T22:17:00,SALTO,N/C,NACIONAL,DESPISTE,AUTO,PASAJERO,21,M,1,"","RUTA 3 KM 534,000",431270.73,6566374.94
71,2018-02-13T01:00:00,CANELONES,LA PAZ,DEPARTAMENTAL,COLISIÓN ENTRE VEHÍCULOS,AUTO,PASAJERO,18,M,2,CAMION,CAMINO ALDABALDE Y CAMINO PISANO,568458.10777684,6154299.87819621
72,2018-02-13T18:30:00,SORIANO,MERCEDES,DEPARTAMENTAL,COLISIÓN ENTRE VEHÍCULOS,MOTO,CONDUCTOR,60,M,2,CAMIONETA,FLORENCIO SANCHEZ ESQ. DOCTOR RICARDO BRACERAS,403663.8237,6320288.9161
73,2018-02-14T07:15:00,TACUAREMBO,N/C,NACIONAL,DESPISTE,AUTO,CONDUCTOR,36,M,1,"","RUTA 5 KM 260,500",546450.79,6379562.72
74,2018-02-15T21:05:00,MONTEVIDEO,MONTEVIDEO,DEPARTAMENTAL,ATROPELLO DE PEATÓN,PEATÓN,PEATÓN,64,F,1,MOTO,ABIPONES ESQ. FLORENCIA,580939.5482,6145143.8942
75,2018-02-18T04:30:00,CANELONES,CIUDAD DE LA COSTA,DEPARTAMENTAL,ATROPELLO DE PEATÓN,PEATÓN,PEATÓN,44,M,0,CAMION,AVENIDA WILSON FERREIRA ALDUNATE ESQ. DOCTOR EDUARDO ACEVEDO,586934.62495652,6142233.79573071
76,2018-02-16T19:25:00,ROCHA,LA PALOMA,DEPARTAMENTAL,DESPISTE,AUTO,CONDUCTOR,35,M,1,"",AVENIDA DEL NAVIO Y LIRA,759832.6542,6160814.9254
77,2018-02-17T07:50:00,SAN JOSE,SAN JOSE DE MAYO,NACIONAL,COLISIÓN ENTRE VEHÍCULOS,MOTO,CONDUCTOR,46,F,0,CAMION,RUTA 3 Y AV. LARRIERA,526828.2145,6202465.8446
78,2018-02-17T20:26:00,CANELONES,N/C,NACIONAL,DESPISTE,MOTO,CONDUCTOR,52,M,0,"","RUTA 5 KM 25,500",569615.16,6159875.32
79,2018-02-16T10:00:00,MALDONADO,N/C,DEPARTAMENTAL,COLISIÓN ENTRE VEHÍCULOS,MOTO,CONDUCTOR,36,M,1,MOTO,VENIDA DEL CERRO EGUZQUIZA (200 METROS ANTES DE ENTRADA A HOTEL FASSANO.),693623.73727477,6142887.05328723
80,2018-02-18T12:15:00,MALDONADO,PIRIAPOLIS,DEPARTAMENTAL,COLISIÓN ENTRE VEHÍCULOS,BICICLETA,CONDUCTOR,68,M,1,CAMIONETA,RAMBLA DE LOS ARGENTINOS (RUTA 10) ESQ. EDUARDO MORDELLO,655872.11802153,6141747.22600757
81,2018-02-20T18:55:00,RIVERA,N/C,NACIONAL,DESPISTE,AUTO,PASAJERO,70,F,0,"","RUTA 5 KM. 441,000",628422.3,6525387.79
82,2018-02-20T18:55:00,RIVERA,N/C,NACIONAL,DESPISTE,AUTO,PASAJERO,75,F,0,"","RUTA 5 KM. 441,000",628422.3,6525387.79
83,2018-02-20T19:35:00,CERRO LARGO,ISIDORO NOBLA,NACIONAL,DESPISTE,AUTO,CONDUCTOR,39,M,0,"","RUTA 8 KM 447,000",770906.06,6461154.09
84,2018-02-20T15:00:00,COLONIA,N/C,DEPARTAMENTAL,COLISIÓN ENTRE VEHÍCULOS,AUTO,CONDUCTOR,53,M,1,CAMION,RUTA 97 ESQ. Brasil,379868.86652357,6241512.01858127
85,2018-02-23T14:45:00,SAN JOSE,SAN JOSE DE MAYO,NACIONAL,COLISIÓN ENTRE VEHÍCULOS,AUTO,CONDUCTOR,64,M,0,CAMION,"RUTA 3 KM 88,000",525249.91,6196810.81
86,2018-02-24T06:00:00,COLONIA,N/C,NACIONAL,DESPISTE,CAMIONETA,CONDUCTOR,73,M,1,"","RUTA 12 KM 81,000",440628.38,6244052.44
87,2018-02-24T05:00:00,ARTIGAS,N/C,NACIONAL,DESPISTE,AUTO,CONDUCTOR,37,M,0,"","RUTA 30 KM 108,000",530482.33,6634105.51
88,2018-02-24T15:40:00,ARTIGAS,ARTIGAS,DEPARTAMENTAL,COLISIÓN ENTRE VEHÍCULOS,BICICLETA,CONDUCTOR,16,M,1,AUTO,PUENTE INTERNACIONAL DE LA CONCORDIA,552170.15751092,6637542.19468085
89,2018-02-25T02:50:00,SAN JOSE,SAN JOSE DE MAYO,DEPARTAMENTAL,CAÍDA,MOTO,CONDUCTOR,59,F,1,"",ATILIO PELOSSI ESQ. DIECIOCHO DE JULIO,525607.1457,6200046.3109
90,2018-02-25T05:28:00,FLORES,TRINIDAD,NACIONAL,ATROPELLO DE PEATÓN,PEATÓN,PEATÓN,24,M,0,CAMIONETA,"RUTA 3 KM 192,000",507445.96,6292059.01
91,2018-02-25T09:55:00,MALDONADO,PAN DE AZUCAR,DEPARTAMENTAL,DESPISTE,CUATRICICLO,CONDUCTOR,62,M,0,"",ALVARO FIGUEREDO ESQ. INDIO MIGUEL,662927.93869106,6150543.98944698
92,2018-02-25T09:00:00,MALDONADO,N/C,NACIONAL,DESPISTE,CAMION,CONDUCTOR,53,M,0,"","RUTA 12 KM 365,000",675447.71882098,6174276.50046831
93,2018-02-25T09:48:00,MONTEVIDEO,MONTEVIDEO,DEPARTAMENTAL,CAÍDA,MOTO,PASAJERO,31,F,0,"",BOULEVARD APARICIO SARAVIA ESQ. ARQUITECTO BERNARDO PONCINI,574308.0853,6144949.9063
94,2018-02-25T19:45:00,RIO NEGRO,N/C,NACIONAL,ATROPELLO DE PEATÓN,PEATÓN,PEATÓN,43,M,1,CAMIONETA,"RUTA 3 KM 306,000",442751.02,6378531.7
95,2018-02-25T19:45:00,CANELONES,N/C,NACIONAL,DESPISTE,AUTO,CONDUCTOR,33,M,0,"","RUTA 5 KM 57,000",567604.62,6190015.63
96,2018-02-25T19:45:00,CANELONES,N/C,NACIONAL,DESPISTE,AUTO,PASAJERO,24,F,0,"","RUTA 5 KM 57,000",567604.62,6190015.63
97,2018-02-27T12:55:00,MONTEVIDEO,MONTEVIDEO,DEPARTAMENTAL,ATROPELLO DE PEATÓN,PEATÓN,PEATÓN,55,F,0,CAMION,PALMAR ESQ. VEINTE DE SETIEMBRE,576483.4638,6137631.4048
98,2018-02-28T00:02:00,MONTEVIDEO,MONTEVIDEO,DEPARTAMENTAL,ATROPELLO DE PEATÓN,PEATÓN,PEATÓN,32,M,0,OMNIBUS,AVENIDA GENERAL FLORES ESQ. CHIMBORAZO,576883.885,6143207.3989
99,2018-02-28T12:01:00,CANELONES,VILLA ARGENTINA,NACIONAL,COLISIÓN ENTRE VEHÍCULOS,BICICLETA,CONDUCTOR,57,F,0,CAMION,RUTA INTERBALNEARIA KM 44,611650.79,6152111.22
100,2018-02-28T18:40:00,FLORES,N/C,NACIONAL,DESPISTE,MOTO,CONDUCTOR,42,M,0,"","RUTA 3 KM 182,500",511074.23,6285006.15
101,2018-01-03T17:46:00,CANELONES,N/C,NACIONAL,DESPISTE,CUATRICICLO,CONDUCTOR,45,M,3,"","RUTA 33 KM 24,500",581195.98,6157363.99
102,2018-03-03T19:50:00,PAYSANDU,PAYSANDU,DEPARTAMENTAL,ATROPELLO DE PEATÓN,PEATÓN,PEATÓN,62,F,1,MOTO,SALADERO SANTA MARIA ESQ. OSTIA DE GOYA,397886.67254209,6428927.61794402
103,2018-03-03T21:34:00,CANELONES,CIUDAD DE LA COSTA,DEPARTAMENTAL,COLISIÓN ENTRE VEHÍCULOS,MOTO,CONDUCTOR,43,M,1,MOTO,CAMINO CARRASCO ESQ. MONTEVIDEO,586878.53317767,6142100.44546401
104,2018-04-03T08:00:00,PAYSANDU,PAYSANDU,DEPARTAMENTAL,COLISIÓN ENTRE VEHÍCULOS,MOTO,CONDUCTOR,71,M,5,BICICLETA,BOULEVARD GENERAL JOSE G. ARTIGAS ESQ. INDUSTRIAS,399390.3122,6425235.502
105,2018-04-03T11:05:00,CANELONES,ATLANTIDA,DEPARTAMENTAL,COLISIÓN ENTRE VEHÍCULOS,MOTO,CONDUCTOR,73,M,6,OMNIBUS,GENERAL JOSE G. ARTIGAS ESQ. 26,613223.209,6151733.1809
106,2018-06-03T19:08:00,CANELONES,CITY GOLF,NACIONAL,COLISIÓN ENTRE VEHÍCULOS,MOTO,CONDUCTOR,63,M,0,CAMIONETA,"RUTA INTERBALNEARIA KM 44,800",612428.65,6152053.6
107,2018-07-03T12:20:00,MONTEVIDEO,MONTEVIDEO,DEPARTAMENTAL,ATROPELLO DE PEATÓN,PEATÓN,PEATÓN,72,F,0,AUTO,CAMINO MALDONADO ESQ. FLORENCIA,581107.4951,6144909.9705
108,2018-08-03T05:59:00,SALTO,N/C,DEPARTAMENTAL,DESPISTE,CAMIONETA,PASAJERO,65,M,1,"","3 BOCAS (CANO DE ACCESO A PASO VALEGAS, LA MODERNA Y EL TATÚ)",560257.69243599,6550191.4199793
109,2018-08-03T16:00:00,CERRO LARGO,RIO BRANCO,DEPARTAMENTAL,COLISIÓN ENTRE VEHÍCULOS,MOTO,CONDUCTOR,18,M,1,AUTO,CENTENARIO ESQ. DIONISIO CORONEL,839797.5001,6389168.6413
110,2018-08-03T17:40:00,TACUAREMBO,PASO DE LOS TOROS,DEPARTAMENTAL,COLISIÓN ENTRE VEHÍCULOS,MOTO,CONDUCTOR,77,M,5,MOTO,BOULEVARD JOSE GERVASIO ARTIGAS ESQ. EMILIA GRASSI,546488.6463,6369002.3477
111,2018-08-03T21:00:00,MONTEVIDEO,MONTEVIDEO,DEPARTAMENTAL,ATROPELLO DE PEATÓN,PEATÓN,PEATÓN,71,F,0,CAMIONETA,AVENIDA ITALIA ESQ. SANTANDER,579842.6213,6139166.8006
112,2018-08-03T19:45:00,COLONIA,N/C,NACIONAL,DESPISTE,CAMIONETA,CONDUCTOR,49,M,0,"","RUTA 106 KM. 27,000",437790.24924256,6233481.10621767
113,2018-09-03T03:00:00,MONTEVIDEO,MONTEVIDEO,DEPARTAMENTAL,CAÍDA,CAMION,PASAJERO,37,M,6,"",RAMBLA REPUBLICA DEL PERU ESQ. AVENIDA BRASIL,577763.8412,6136070.5862
114,2018-10-03T21:37:00,CANELONES,N/C,NACIONAL,ATROPELLO DE PEATÓN,PEATÓN,PEATÓN,8,M,0,AUTO,"RUTA 64 KM 1,500",570321.03,6181858.91
115,2018-11-03T16:50:00,MONTEVIDEO,MONTEVIDEO,NACIONAL,COLISIÓN ENTRE VEHÍCULOS,MOTO,CONDUCTOR,24,M,0,CARRO,RUTA OCHO ESQ. CAMINO GENERAL LEANDRO GOMEZ,582694.8999,6147306.8804
116,2018-11-03T15:30:00,COLONIA,NUEVA PALMIRA,DEPARTAMENTAL,COLISIÓN ENTRE VEHÍCULOS,MOTO,CONDUCTOR,21,M,1,MOTO,BRAVO ESQ. RIO NEGRO,370376.0515,6250960.5835
117,2018-12-03T00:25:00,MONTEVIDEO,MONTEVIDEO,DEPARTAMENTAL,COLISIÓN ENTRE VEHÍCULOS,MOTO,PASAJERO,22,F,1,AUTO,MIGUELETE ESQ. AVENIDA FERNANDEZ CRESPO,574760.7947,6138206.4477
118,2018-12-03T00:28:00,COLONIA,JUAN LACAZE,DEPARTAMENTAL,COLISIÓN ENTRE VEHÍCULOS,MOTO,CONDUCTOR,28,M,1,MOTO,ROMA ESQ. DOCTOR H. VACHELLI,459671.2316,6189948.5347
119,2018-12-03T07:55:00,MONTEVIDEO,MONTEVIDEO,DEPARTAMENTAL,ATROPELLO DE PEATÓN,PEATÓN,PEATÓN,85,M,1,OMNIBUS,AVENIDA GENERAL EUGENIO GARZON ESQ. CAMINO ARIEL,571238.2975,6145416.0517
120,2018-12-03T17:39:00,MALDONADO,MALDONADO,DEPARTAMENTAL,COLISIÓN ENTRE VEHÍCULOS,MOTO,PASAJERO,11,M,4,AUTO,BATALLA DEL CERRITO ESQ. MACIEL,687283.1542,6136352.0711
121,2018-12-03T19:17:00,CANELONES,CIUDAD DE LA COSTA,DEPARTAMENTAL,ATROPELLO DE PEATÓN,PEATÓN,PEATÓN,80,F,1,AUTO,CAMINO CARRASCO ESQ. MONTEVIDEO,586833.9581,6142114.0554
122,2018-03-13T18:50:00,DURAZNO,CENTENARO,NACIONAL,COLISIÓN ENTRE VEHÍCULOS,MOTO,PASAJERO,35,M,0,CAMION,"RUTA 5 KM 246,000",547457.23,6366144.98
123,2018-03-13T21:30:00,MONTEVIDEO,MONTEVIDEO,DEPARTAMENTAL,CAÍDA,MOTO,CONDUCTOR,15,M,2,"",CAMINO DOMINGO ARENA ESQ. LAS PRIMICIAS,578179.2874,6146839.997
124,2018-03-13T21:22:00,TREINTA Y TRES,CERRO CHATO,NACIONAL,ATROPELLO DE PEATÓN,PEATÓN,PEATÓN,59,M,0,CAMION,"RUTA 7 KM 252,000",674854.8,6336366.37
125,2018-03-13T23:51:00,MALDONADO,SAN RAFAEL EL PLACER,DEPARTAMENTAL,CAÍDA,MOTO,CONDUCTOR,20,F,6,"",PASTEUR y GABRIELA MISTRAL,691417.97796001,6133246.4057976
126,2018-03-16T08:15:00,MONTEVIDEO,MONTEVIDEO,DEPARTAMENTAL,COLISIÓN ENTRE VEHÍCULOS,MOTO,CONDUCTOR,62,M,25,MOTO,BOULEVARD APARICIO SARAVIA ESQ. ALEJANDRO DUMAS,572188.0531,6146487.6755
127,2018-03-16T09:06:00,MALDONADO,MALDONADO,DEPARTAMENTAL,COLISIÓN ENTRE VEHÍCULOS,MOTO,CONDUCTOR,73,F,0,MOTO,SIMON DEL PINO ESQ.SANTIAGO GADEA,687730.8442,6135588.7842
128,2018-03-16T23:30:00,SORIANO,DOLORES,DEPARTAMENTAL,COLISIÓN ENTRE VEHÍCULOS,MOTO,CONDUCTOR,73,M,1,MOTO,ASENCIO (RUTA 96) ESQ. HECTOR SAAVEDRA,387588.4421,6288141.5567
129,2018-03-17T06:15:00,SALTO,SALTO,DEPARTAMENTAL,CAÍDA,MOTO,CONDUCTOR,28,M,0,"",AVENIDA COSTANERA PTE. T. BERRETA ESQ. RIO DE LA PLATA,406124.7228119,6525756.86711745
130,2018-03-19T10:40:00,MONTEVIDEO,MONTEVIDEO,DEPARTAMENTAL,ATROPELLO DE PEATÓN,PEATÓN,PEATÓN,78,F,1,CAMIONETA,AVENIDA CENTENARIO ESQ. ESTERO BELLACO,577203.1185,6138836.7373
131,2018-03-20T10:15:00,MONTEVIDEO,MONTEVIDEO,DEPARTAMENTAL,ATROPELLO DE PEATÓN,PEATÓN,PEATÓN,86,F,0,OMNIBUS,AVENIDA BURGUES ESQ. SANTA ANA,575008.4203,6143199.5541
132,2018-03-23T20:18:00,MONTEVIDEO,MONTEVIDEO,DEPARTAMENTAL,COLISIÓN ENTRE VEHÍCULOS,MOTO,PASAJERO,26,F,0,CAMIONETA,CAMINO SANFUENTES ESQ. CAMINO FERRES,563790.6413,6140361.5625
133,2018-03-23T19:30:00,COLONIA,N/C,NACIONAL,COLISIÓN ENTRE VEHÍCULOS,BICICLETA,CONDUCTOR,66,M,1,CAMIONETA,"RUTA 12 KM 21,000",387088.38,6259436.21
134,2018-03-24T02:20:00,SALTO,SALTO,DEPARTAMENTAL,COLISIÓN ENTRE VEHÍCULOS,MOTO,CONDUCTOR,62,M,1,AUTO,AVENIDA APOLON DE MIRBEK ESQ. GRITO DE ASENCIO,408554.2286,6529276.6158
135,2018-03-25T07:10:00,CANELONES,N/C,NACIONAL,DESPISTE,CAMIONETA,CONDUCTOR,20,M,1,"","RUTA 81 KM 95,000",629215.61542662,6183095.01432696
136,2018-03-25T05:50:00,MONTEVIDEO,MONTEVIDEO,DEPARTAMENTAL,COLISIÓN ENTRE VEHÍCULOS,MOTO,CONDUCTOR,27,M,0,CAMION,EDUARDO PAZ AGUIRRE ESQ. ABREVADERO,567547.1885,6144740.0092
137,2018-03-25T05:50:00,MONTEVIDEO,MONTEVIDEO,DEPARTAMENTAL,COLISIÓN ENTRE VEHÍCULOS,MOTO,PASAJERO,19,M,1,CAMION,EDUARDO PAZ AGUIRRE ESQ. ABREVADERO,567547.1885,6144740.0092
138,2018-03-25T17:15:00,MONTEVIDEO,MONTEVIDEO,DEPARTAMENTAL,ATROPELLO DE PEATÓN,MOTO,CONDUCTOR,22,M,14,"",CAMINO ALTUNA ESQ. CAMINO PEIXOTO,565521.1553,6152435.0051
139,2018-03-29T23:26:00,MONTEVIDEO,MONTEVIDEO,DEPARTAMENTAL,COLISIÓN ENTRE VEHÍCULOS,MOTO,PASAJERO,21,M,0,AUTO,AVENIDA DAMASO ANTONIO LARRAÑAGA ESQ. MINUANES,577791.0789,6142964.8259
140,2018-03-30T04:50:00,MALDONADO,N/C,DEPARTAMENTAL,COLISIÓN ENTRE VEHÍCULOS,MOTO,CONDUCTOR,17,M,0,CAMIONETA,AVENIDA FRADE PASANDO PARQUE SAN CARLOS,693049.10909587,6148681.49249633
141,2018-03-31T06:40:00,SALTO,PALOMAS,DEPARTAMENTAL,ATROPELLO DE ANIMALES,MOTO,CONDUCTOR,25,M,1,"","CAMINO VECINAL, LOCALIDAD LAS PALMAS",441230.63320666,6561406.54595002
142,2018-03-31T16:20:00,MALDONADO,GARZON,DEPARTAMENTAL,COLISIÓN ENTRE VEHÍCULOS,AUTO,PASAJERO,61,F,0,CAMION,CAMINO A LA ESTACION ESQ. AVENIDA GARZON,725060.3914,6169153.2546
143,2018-01-04T09:40:00,SORIANO,MERCEDES,NACIONAL,DESPISTE,MOTO,PASAJERO,32,F,0,"","RUTA 2 KM 277,800",405358.4364558,6320276.05981415
144,2018-01-04T14:00:00,COLONIA,N/C,NACIONAL,COLISIÓN ENTRE VEHÍCULOS,CAMIONETA,PASAJERO,12,F,0,CAMIONETA,"RUTA 12 KM 119,000",474607.45,6246236.51
145,2018-01-04T14:00:00,COLONIA,N/C,NACIONAL,COLISIÓN ENTRE VEHÍCULOS,CAMIONETA,PASAJERO,10,F,0,CAMIONETA,"RUTA 12 KM 119,000",474607.45,6246236.51
146,2018-01-04T14:00:00,COLONIA,N/C,NACIONAL,COLISIÓN ENTRE VEHÍCULOS,CAMIONETA,PASAJERO,10,F,0,CAMIONETA,"RUTA 12 KM 119,000",474607.45,6246236.51
147,2018-02-04T20:00:00,COLONIA,N/C,NACIONAL,COLISIÓN ENTRE VEHÍCULOS,BICICLETA,CONDUCTOR,71,M,0,CAMIONETA,RUTA 97 ESQ. COLONIA ESTRELLA,385617.22520962,6238838.60162158
148,2018-03-04T11:26:00,MONTEVIDEO,MONTEVIDEO,DEPARTAMENTAL,ATROPELLO DE PEATÓN,PEATÓN,PEATÓN,57,M,0,OMNIBUS,AVENIDA GENERAL EUGENIO GARZON ESQ. TIMOTE,570947.3455,6143253.5508
149,2018-04-04T05:31:00,MONTEVIDEO,MONTEVIDEO,DEPARTAMENTAL,COLISIÓN ENTRE VEHÍCULOS,AUTO,CONDUCTOR,22,M,17,OMNIBUS,BOULEVARD GENERAL ARTIGAS ESQ. HOCQUART,576233.3517,6138968.2188
150,2018-04-04T21:56:00,SALTO,N/C,NACIONAL,COLISIÓN ENTRE VEHÍCULOS,BICICLETA,CONDUCTOR,36,M,5,MOTO,"RUTA 3 KM 485,000",411729.72,6525192.07
151,2018-05-04T19:30:00,ARTIGAS,ARTIGAS,DEPARTAMENTAL,ATROPELLO DE PEATÓN,PEATÓN,PEATÓN,70,F,2,MOTO,AVENIDA BALTASAR BRUM ESQ. JULIAN SAN VICENTE,551706.9671,6635792.5964
152,2018-07-04T07:00:00,SAN JOSE,CIUDAD DEL PLATA,DEPARTAMENTAL,CAÍDA,MOTO,CONDUCTOR,35,M,0,"",DOCTOR ELIAS REGULES ESQ. JUAN ZORRILLA DE SAN MARTIN,550300.1077,6154661.5016
153,2018-07-04T11:15:00,PAYSANDU,N/C,NACIONAL,DESPISTE,AUTO,CONDUCTOR,34,M,0,"","RUTA 26 KM 125,000",499470.06,6471373.68
154,2018-07-04T12:30:00,MONTEVIDEO,MONTEVIDEO,DEPARTAMENTAL,ATROPELLO DE PEATÓN,PEATÓN,PEATÓN,93,F,4,CAMION,AVENIDA DOCTOR JUAN CARLOS BLANCO ESQ. CAIGUA,573358.6155,6141644.7787
155,2018-07-04T19:03:00,SALTO,SALTO,DEPARTAMENTAL,COLISIÓN ENTRE VEHÍCULOS,MOTO,CONDUCTOR,46,M,7,CAMIONETA,AVENIDA MANUEL PATULE ESQ. JUAN CARLOS GOMEZ,407348.0385,6525016.7398
156,2018-07-04T19:53:00,CANELONES,MONTES,DEPARTAMENTAL,DESPISTE,AUTO,CONDUCTOR,31,M,1,"",DOCTOR LUIS BACCINO ESQ. ALBERTO LEONI,631341.81134568,6182364.32189335
157,2018-08-04T19:40:00,MONTEVIDEO,MONTEVIDEO,DEPARTAMENTAL,DESPISTE,AUTO,CONDUCTOR,53,M,23,"",EJIDO ESQ. BERMUDEZ,574344.1401,6136262.1759
158,2018-09-04T18:10:00,SALTO,SALTO,DEPARTAMENTAL,CAÍDA,MOTO,CONDUCTOR,19,M,1,"",BRASIL ESQ. SANTA ROSA,410435.8296,6526924.0495
159,2018-10-04T11:55:00,TACUAREMBO,TACUAREMBO,NACIONAL,COLISIÓN ENTRE VEHÍCULOS,MOTO,CONDUCTOR,59,M,0,CAMION,AGUSTIN TORRES MEDEIROS ESQ. GENERAL LEANDRO GOMEZ (RUTA 26),594705.9025,6488627.3416
160,2018-11-04T06:34:00,DURAZNO,N/C,NACIONAL,COLISIÓN ENTRE VEHÍCULOS,CAMIONETA,CONDUCTOR,44,M,0,CAMION,"RUTA 14 KM 230,000",589164.80233354,6321503.58606844
161,2018-11-04T06:45:00,FLORIDA,N/C,NACIONAL,COLISIÓN ENTRE VEHÍCULOS,AUTO,PASAJERO,67,F,0,CAMIONETA,"RUTA 5 KM 147,000",561286.73,6274074.65
162,2018-11-04T08:00:00,MONTEVIDEO,MONTEVIDEO,DEPARTAMENTAL,ATROPELLO DE PEATÓN,PEATÓN,PEATÓN,73,M,1,AUTO,AVENIDA GENERAL SAN MARTIN ESQ. ORSINI BERTANI,576075.6098,6145494.8196
163,2018-04-14T18:29:00,RIO NEGRO,N/C,DEPARTAMENTAL,COLISIÓN ENTRE VEHÍCULOS,MOTO,CONDUCTOR,47,M,0,MAQUINARIA,Camino Los Ranchos ESQ. CERRO 1,374012.77002579,6327769.82021541
164,2018-04-15T04:10:00,TREINTA Y TRES,TREINTA Y TRES,DEPARTAMENTAL,CAÍDA,CAMIONETA,PASAJERO,18,M,1,"",MANUEL LAVALLEJA ESQ. P. SALAVERRY,742729.2077,6320375.602
165,2018-04-14T21:15:00,CANELONES,N/C,DEPARTAMENTAL,ATROPELLO DE PEATÓN,PEATÓN,PEATÓN,81,F,1,MOTO,DEMOCRACIA ESQ. 19 DE OCTUBRE,590217.22004506,6151389.65625725
166,2018-04-17T17:00:00,SAN JOSE,CIUDAD DEL PLATA,DEPARTAMENTAL,COLISIÓN ENTRE VEHÍCULOS,MOTO,CONDUCTOR,84,M,1,AUTO,LANCIA ESQ. RUTA 1 VIEJA,553683.8103,6154142.0974
167,2018-04-18T14:25:00,CANELONES,SAN RAMON,NACIONAL,DESPISTE,AUTO,PASAJERO,4,M,0,"","RUTA 63 KM 3,000",595074.71707275,6205141.8979459
168,2018-04-18T14:25:00,CANELONES,SAN RAMON,NACIONAL,DESPISTE,AUTO,PASAJERO,11,F,0,"","RUTA 63 KM 3,000",595074.71707275,6205141.8979459
169,2018-04-19T00:35:00,MONTEVIDEO,MONTEVIDEO,DEPARTAMENTAL,COLISIÓN ENTRE VEHÍCULOS,BICICLETA,CONDUCTOR,61,M,1,AUTO,CAMINO MOLINOS DE RAFFO ESQ. MARIA ORTICOCHEA,572115.1955,6143890.0697
170,2018-04-19T17:26:00,MONTEVIDEO,MONTEVIDEO,NACIONAL,ATROPELLO DE PEATÓN,PEATÓN,PEATÓN,36,M,1,CAMION,RUTA DE ACCESO DEBAJO DE PUENTE AV. CARLOS MARÍA RAMIREZ,569299.1696,6141020.539
171,2018-04-19T19:59:00,MONTEVIDEO,MONTEVIDEO,DEPARTAMENTAL,COLISIÓN ENTRE VEHÍCULOS,MOTO,CONDUCTOR,22,M,0,AUTO,AVENIDA OCHO DE OCTUBRE ESQ. DOCTOR PEDRO CAPDEHOURAT,579179.0974,6142073.5745
172,2018-04-19T21:24:00,MALDONADO,N/C,DEPARTAMENTAL,COLISIÓN ENTRE VEHÍCULOS,MOTO,CONDUCTOR,20,M,0,AUTO,RUTA 39 Y PUENTE SOBRE ARROYO MALDONADO,688693.22448499,6145620.73273752
173,2018-04-21T17:30:00,MALDONADO,OCEAN PARK,NACIONAL,ATROPELLO DE PEATÓN,PEATÓN,PEATÓN,68,M,0,MOTO,"RUTA 93 KM 112,000",672454.09,6140531.89
174,2018-04-21T22:49:00,MONTEVIDEO,MONTEVIDEO,DEPARTAMENTAL,ATROPELLO DE PEATÓN,PEATÓN,PEATÓN,23,F,1,MOTO,CAMINO DOMINGO ARENA ESQ. LAS PRIMICIAS,578179.2874,6146839.997
175,2018-04-22T15:55:00,MONTEVIDEO,MONTEVIDEO,DEPARTAMENTAL,ATROPELLO DE PEATÓN,PEATÓN,PEATÓN,78,F,4,MOTO,CAMINO REPETTO ESQ. CAMINO PASO DE LA ESPAÑOLA,578967.5649,6146962.909
176,2018-04-23T07:09:00,MONTEVIDEO,MONTEVIDEO,NACIONAL,DESPISTE,AUTO,CONDUCTOR,43,M,1,"","RUTA 102 KM 41,000",573333.04,6149269.98
177,2018-04-23T07:09:00,MONTEVIDEO,MONTEVIDEO,NACIONAL,DESPISTE,AUTO,PASAJERO,33,M,0,"","RUTA 102 KM 41,000",573333.04,6149269.98
178,2018-04-23T19:06:00,CANELONES,N/C,NACIONAL,COLISIÓN ENTRE VEHÍCULOS,CAMIONETA,PASAJERO,47,F,0,CAMION,"RUTA 80 KM 64,000",631492.20081958,6165724.18417025
179,2018-04-24T01:15:00,SALTO,RINCON DE VALENTIN,NACIONAL,COLISIÓN ENTRE VEHÍCULOS,MOTO,CONDUCTOR,25,M,0,AUTO,"RUTA 31 KM 75,000",480961.57150826,6539266.96261669
180,2018-04-24T05:35:00,COLONIA,BARKER,DEPARTAMENTAL,DESPISTE,CAMIONETA,PASAJERO,83,M,0,"",RAMAL DE RUTA 2 EMPALME RAMAL DE RUTA 54,457806.2045,6208664.0042
181,2018-04-24T09:25:00,CANELONES,CIUDAD DE LA COSTA,DEPARTAMENTAL,COLISIÓN ENTRE VEHÍCULOS,CAMION,PASAJERO,57,M,0,AUTO,GASTRONOMICO ESQ. CIUDAD DE LA PAZ,597241.08791759,6148678.21007669
182,2018-04-26T11:33:00,DURAZNO,DURAZNO,DEPARTAMENTAL,COLISIÓN ENTRE VEHÍCULOS,MOTO,CONDUCTOR,72,F,1,MOTO,ZORRILLA DE SAN MARTIN ESQ. CUATRO DE OCTUBRE DE 1828,544025.6865,6306007.5654
183,2018-04-26T00:01:00,MALDONADO,N/C,NACIONAL,DESPISTE,AUTO,CONDUCTOR,64,M,0,"","RUTA 13 KM 185,000",718431.48,6218444.88
184,2018-04-26T00:01:00,MALDONADO,N/C,NACIONAL,DESPISTE,AUTO,PASAJERO,31,F,0,"","RUTA 13 KM 185,000",718431.48,6218444.88
185,2018-04-28T00:00:00,ROCHA,VALIZAS,NACIONAL,DESPISTE,AUTO,CONDUCTOR,57,M,0,"","RUTA 10 KM 255,000",782793.93,6184981.24
186,2018-04-28T05:25:00,MONTEVIDEO,MONTEVIDEO,NACIONAL,COLISIÓN ENTRE VEHÍCULOS,MOTO,CONDUCTOR,45,M,6,MOTO,RUTA 5 ESQ. AVENIDA DOCTOR SANTIN CARLOS ROSSI,568309.57445433,6141776.69877527
187,2018-04-29T19:30:00,ROCHA,CASTILLOS,DEPARTAMENTAL,COLISIÓN CON OBSTÁCULO EN CALZADA,AUTO,PASAJERO,67,F,1,"",DIECINUEVE DE ABRIL ESQ. NUÑEZ,789881.6745,6211467.8838
188,2018-04-30T07:00:00,TACUAREMBO,N/C,NACIONAL,COLISIÓN ENTRE VEHÍCULOS,MOTO,CONDUCTOR,30,M,0,OMNIBUS,"RUTA 5 KM 11,600",553259.29,6368114.19
189,2018-01-05T08:15:00,COLONIA,N/C,NACIONAL,COLISIÓN ENTRE VEHÍCULOS,AUTO,CONDUCTOR,,M,0,CAMION,"RUTA 12 KM 125,000",480270.05,6246344.21
190,2018-01-05T18:52:00,SORIANO,N/C,NACIONAL,DESPISTE,MOTO,CONDUCTOR,65,M,0,"","RUTA 105 KM 22,200",390850.91347319,6290372.75568979
191,2018-01-05T21:15:00,MONTEVIDEO,MONTEVIDEO,DEPARTAMENTAL,COLISIÓN CON OBSTÁCULO EN CALZADA,MOTO,CONDUCTOR,31,M,0,"",RAMON ALVAREZ ESQ. CAMINO PASO DE LA BOYADA,567580.9082,6142282.6405
192,2018-02-05T21:00:00,CERRO LARGO,MELO,DEPARTAMENTAL,ATROPELLO DE PEATÓN,PEATÓN,PEATÓN,70,F,5,AUTO,RUTA 8 ESQ. MUÑOZ,767212.91129477,6413971.13798235
193,2018-03-05T15:11:00,MONTEVIDEO,MONTEVIDEO,DEPARTAMENTAL,ATROPELLO DE PEATÓN,PEATÓN,PEATÓN,86,M,4,AUTO,JOSE BENITO LAMAS ESQ. ENRIQUE MUÑOZ,576982.7239,6136397.2722
194,2018-03-05T19:51:00,MONTEVIDEO,MONTEVIDEO,DEPARTAMENTAL,COLISIÓN ENTRE VEHÍCULOS,MOTO,CONDUCTOR,27,M,0,AUTO,DOCTOR JOSE MARIA SILVA ESQ. DIEULAFOY,574133.5567,6144387.568
195,2018-04-05T20:20:00,CANELONES,N/C,NACIONAL,COLISIÓN ENTRE VEHÍCULOS,AUTO,CONDUCTOR,54,M,0,CAMIONETA,"RUTA 11 KM 121,000",587183.29,6181483.12
196,2018-04-05T20:20:00,CANELONES,N/C,NACIONAL,COLISIÓN ENTRE VEHÍCULOS,MOTO,CONDUCTOR,30,M,0,CAMIONETA,"RUTA 11 KM 121,000",587183.29,6181483.12
197,2018-04-05T20:20:00,CANELONES,N/C,NACIONAL,COLISIÓN ENTRE VEHÍCULOS,MOTO,PASAJERO,24,F,0,CAMIONETA,"RUTA 11 KM 121,000",587183.29,6181483.12
198,2018-06-05T02:39:00,SAN JOSE,N/C,DEPARTAMENTAL,DESPISTE,CAMION,CONDUCTOR,62,M,0,"",CALLE CAMINO NACIONAL,528917.46224058,6201597.3633025
199,2018-06-05T18:37:00,COLONIA,N/C,NACIONAL,DESPISTE,MOTO,CONDUCTOR,62,M,0,"","RUTA 1 KM 125,500",472129.5,6201110.17
200,2018-06-05T22:00:00,ARTIGAS,ARTIGAS,DEPARTAMENTAL,COLISIÓN ENTRE VEHÍCULOS,MOTO,CONDUCTOR,23,M,1,AUTO,DIEGO LAMAS ESQ. GENERAL JUAN ANTONIO LAVALLEJA,551089.4953,6636713.8113
201,2018-08-05T08:34:00,MONTEVIDEO,MONTEVIDEO,DEPARTAMENTAL,COLISIÓN ENTRE VEHÍCULOS,MOTO,PASAJERO,21,M,0,CAMION,AVENIDA DON PEDRO DE MENDOZA ESQ. CAMINO AL PASO DEL ANDALUZ,576607.2799,6148453.8018
202,2018-08-05T12:30:00,MALDONADO,MALDONADO,DEPARTAMENTAL,COLISIÓN ENTRE VEHÍCULOS,CAMIONETA,CONDUCTOR,65,M,1,AUTO,AVENIDA AIGUA ESQ. APARICIO SARAVIA,688526.05696417,6135387.34468829
203,2018-09-05T18:08:00,MONTEVIDEO,MONTEVIDEO,DEPARTAMENTAL,COLISIÓN ENTRE VEHÍCULOS,BICICLETA,CONDUCTOR,57,M,8,OMNIBUS,BOULEVARD APARICIO SARAVIA ESQ. FULTON,572463.8804,6146289.938
204,2018-11-05T19:21:00,MONTEVIDEO,MONTEVIDEO,NACIONAL,COLISIÓN ENTRE VEHÍCULOS,MOTO,CONDUCTOR,35,M,0,CAMION,RUTA 8 ESQ. 102,585090.5159377,6149627.18400638
205,2018-05-16T15:34:00,COLONIA,N/C,NACIONAL,COLISIÓN ENTRE VEHÍCULOS,AUTO,CONDUCTOR,24,F,0,CAMION,"RUTA 2 KM 155,000",466016.06,6224665.28
206,2018-05-16T16:25:00,TREINTA Y TRES,N/C,NACIONAL,COLISIÓN ENTRE VEHÍCULOS,BICICLETA,CONDUCTOR,70,M,1,CAMION,"RUTA 8 KM 292,500",743878.17,6327094.75
207,2018-05-17T19:30:00,MONTEVIDEO,MONTEVIDEO,DEPARTAMENTAL,COLISIÓN ENTRE VEHÍCULOS,AUTO,PASAJERO,61,F,0,OMNIBUS,GALICIA ESQ. RIO NEGRO,573618.1148,6137698.7245
208,2018-05-18T13:30:00,MONTEVIDEO,MONTEVIDEO,DEPARTAMENTAL,COLISIÓN ENTRE VEHÍCULOS,MOTO,CONDUCTOR,30,F,6,AUTO,BURDEOS ESQ. PUERTO RICO,567783.5986,6140149.8239
209,2018-05-18T18:54:00,DURAZNO,DURAZNO,DEPARTAMENTAL,ATROPELLO DE PEATÓN,PEATÓN,PEATÓN,76,M,1,CAMIONETA,DOCTOR MORQUIO ESQ. MARTIN ETCHEGOYEN,544619.4375,6306035.3083
210,2018-05-18T22:33:00,CANELONES,N/C,NACIONAL,COLISIÓN ENTRE VEHÍCULOS,MOTO,CONDUCTOR,57,M,0,AUTO,"RUTA 6 KM 34,000",586720.04,6164847.14
211,2018-05-19T16:10:00,FLORIDA,N/C,NACIONAL,COLISIÓN ENTRE VEHÍCULOS,AUTO,CONDUCTOR,73,M,0,CAMION,"RUTA 5 KM 102,000",570183.54,6231276.96
212,2018-05-19T16:10:00,FLORIDA,N/C,NACIONAL,COLISIÓN ENTRE VEHÍCULOS,AUTO,PASAJERO,63,F,0,CAMION,"RUTA 5 KM 102,000",570183.54,6231276.96
213,2018-05-19T23:45:00,CERRO LARGO,TOLEDO,DEPARTAMENTAL,CAÍDA,MOTO,CONDUCTOR,23,M,1,"",CALLE 2 ESQ. CALLE 11,732082.64616068,6398203.81121122
214,2018-05-22T08:30:00,MONTEVIDEO,MONTEVIDEO,DEPARTAMENTAL,ATROPELLO DE PEATÓN,PEATÓN,PEATÓN,19,F,0,OMNIBUS,AVENIDA GENERAL FLORES ESQ. CARRERAS NACIONALES,577353.4543,6143885.15
215,2018-05-22T14:31:00,MONTEVIDEO,MONTEVIDEO,NACIONAL,COLISIÓN ENTRE VEHÍCULOS,AUTO,CONDUCTOR,56,F,1,CAMIONETA,"RUTA 5 KM 18,000",567291.97,6152816.83
216,2018-05-22T16:30:00,MALDONADO,SAN CARLOS,DEPARTAMENTAL,COLISIÓN ENTRE VEHÍCULOS,MOTO,CONDUCTOR,61,F,0,MOTO,JACINTO MARIA ALVARIZA ESQ. BASILIO ARAUJO,690260.9109,6148934.1212
217,2018-05-22T21:50:00,CANELONES,PANDO,DEPARTAMENTAL,COLISIÓN ENTRE VEHÍCULOS,MOTO,CONDUCTOR,20,M,0,MOTO,JUAN MANUEL BLANES ESQ. MARIA STAGNERO DE MUNAR,594153.4768,6158307.6687
218,2018-05-22T21:50:00,CANELONES,PANDO,DEPARTAMENTAL,COLISIÓN ENTRE VEHÍCULOS,MOTO,CONDUCTOR,29,M,0,MOTO,JUAN MANUEL BLANES ESQ. MARIA STAGNERO DE MUNAR,594153.4768,6158307.6687
219,2018-05-23T14:42:00,MONTEVIDEO,MONTEVIDEO,DEPARTAMENTAL,COLISIÓN ENTRE VEHÍCULOS,BICICLETA,CONDUCTOR,83,M,0,MOTO,SANTA LUCIA ESQ. BOQUERON,569441.1885,6144048.5362
220,2018-05-23T15:50:00,MONTEVIDEO,MONTEVIDEO,DEPARTAMENTAL,ATROPELLO DE PEATÓN,PEATÓN,PEATÓN,82,M,1,CAMIONETA,MALDONADO ESQ. DOCTOR EMILIO FRUGONI,575353.0565,6136790.6996
221,2018-05-24T10:08:00,SALTO,SALTO,DEPARTAMENTAL,COLISIÓN ENTRE VEHÍCULOS,MOTO,CONDUCTOR,18,M,1,CAMIONETA,GENERAL FRUCTUOSO RIVERA esq. JUAN CARLOS GOMEZ,407652.6591,6526844.0117
222,2018-05-24T14:35:00,TACUAREMBO,TACUAREMBO,DEPARTAMENTAL,COLISIÓN ENTRE VEHÍCULOS,BICICLETA,CONDUCTOR,60,F,9,MOTO,DIECIOCHO DE JULIO ESQ. CONTINUACION LUIS CASTAGNETTO,595877.9608,6490132.3219
223,2018-05-24T21:05:00,CANELONES,SAN LUIS,NACIONAL,COLISIÓN ENTRE VEHÍCULOS,AUTO,CONDUCTOR,43,M,0,CAMION,"RUTA INTERBALNEARIA KM 62,500",629380.18,6152315.22
224,2018-05-24T22:40:00,SORIANO,DOLORES,DEPARTAMENTAL,COLISIÓN ENTRE VEHÍCULOS,MOTO,CONDUCTOR,11,F,0,CAMION,RIO NEGRO esq. GENERAL FRUCTUOSO RIVERA,385973.6201,6289580.3409
225,2018-05-26T07:05:00,FLORES,N/C,NACIONAL,COLISIÓN ENTRE VEHÍCULOS,AUTO,CONDUCTOR,32,M,0,CAMION,"RUTA 14 KM 148,000",518915.15,6295667.65
226,2018-05-26T12:32:00,MALDONADO,LA CAPUERA,DEPARTAMENTAL,DESPISTE,CAMIONETA,CONDUCTOR,56,M,0,"",PARAJEY ESQ. CALLE A,672231.13062432,6142015.98841891
227,2018-05-26T07:31:00,CANELONES,COLONIA NICOLICH,NACIONAL,COLISIÓN ENTRE VEHÍCULOS,AUTO,CONDUCTOR,26,M,0,CAMION,"RUTA 101 KM 22,500",590748.17,6146859.56
228,2018-05-26T10:56:00,MONTEVIDEO,MONTEVIDEO,NACIONAL,ATROPELLO DE PEATÓN,PEATÓN,PEATÓN,26,M,0,CAMIONETA,"RUTA 8 KM 14,000",582476.25,6146818.61
229,2018-05-26T21:37:00,MONTEVIDEO,MONTEVIDEO,DEPARTAMENTAL,COLISIÓN ENTRE VEHÍCULOS,BICICLETA,CONDUCTOR,32,M,0,AUTO,AVENIDA ITALIA esq. VALENCIA,581868.1293,6139227.4522
230,2018-05-27T23:38:00,CANELONES,BARRA DE CARRASCO,DEPARTAMENTAL,ATROPELLO DE PEATÓN,PEATÓN,PEATÓN,63,M,0,CAMIONETA,AVENIDA INGENIERO LUIS GIANNATTASIO esq. ALTA GRACIA,589074.8945,6141034.4603
231,2018-05-27T22:00:00,SALTO,COLONIA 18 DE JULIO,NACIONAL,COLISIÓN ENTRE VEHÍCULOS,AUTO,CONDUCTOR,78,M,0,CAMION,RUTA 3,416874.33291712,6530166.60066597
232,2018-05-28T06:40:00,MALDONADO,PAN DE AZUCAR,NACIONAL,COLISIÓN ENTRE VEHÍCULOS,MOTO,CONDUCTOR,30,M,19,CAMION,RUTA 9 ESQ. GARZAS,661646.92540447,6149865.65320924
233,2018-05-28T11:28:00,CANELONES,CIUDAD DE LA COSTA,DEPARTAMENTAL,ATROPELLO DE PEATÓN,PEATÓN,PEATÓN,,M,1,AUTO,CALLE AUXILIAR A RUTA 101 ESQ. DAMASO ANTONIO LARRAÑAGA,590576.8565,6145915.4647
234,2018-05-28T15:10:00,MONTEVIDEO,MONTEVIDEO,DEPARTAMENTAL,CAÍDA,MOTO,CONDUCTOR,59,M,0,"",SUSANA PINTOS ESQ. CAMINO MALDONADO,580789.5647,6144675.4551
235,2018-05-31T20:35:00,MONTEVIDEO,MONTEVIDEO,DEPARTAMENTAL,COLISIÓN ENTRE VEHÍCULOS,MOTO,CONDUCTOR,20,M,1,AUTO,MARIA EUGENIA VAZ FERREIRA esq. AVENIDA AGRACIADA,571839.315,6142096.5706
236,2018-01-06T19:00:00,MONTEVIDEO,MONTEVIDEO,DEPARTAMENTAL,ATROPELLO DE PEATÓN,PEATÓN,PEATÓN,67,M,1,AUTO,JOSE ENRIQUE RODO ESQ. GABOTO,575143.3655,6137215.5862
237,2018-02-06T17:19:00,TACUAREMBO,TACUAREMBO,NACIONAL,COLISIÓN ENTRE VEHÍCULOS,CAMIONETA,CONDUCTOR,46,M,0,CAMION,"RUTA 5 KM 390,000",598017.99,6491200.31
238,2018-02-06T21:19:00,CANELONES,LAS PIEDRAS,DEPARTAMENTAL,COLISIÓN ENTRE VEHÍCULOS,MOTO,CONDUCTOR,34,M,10,OMNIBUS,JUANA DE ARCO ESQ. VALENTIN GOMEZ,572831.7454,6157887.9011
239,2018-03-06T03:50:00,DURAZNO,DURAZNO,NACIONAL,COLISIÓN ENTRE VEHÍCULOS,MOTO,CONDUCTOR,44,M,1,CAMION,"RUTA 5 KM 185,000",545038.92,6306815.05
240,2018-03-06T17:30:00,MONTEVIDEO,MONTEVIDEO,DEPARTAMENTAL,COLISIÓN ENTRE VEHÍCULOS,MOTO,CONDUCTOR,55,M,0,AUTO,AVENIDA DOCTOR LUIS ALBERTO DE HERRERA esq. AVENIDA JOSE PEDRO VARELA,576124.0021,6141120.6344
241,2018-03-06T20:00:00,ARTIGAS,ARTIGAS,DEPARTAMENTAL,ATROPELLO DE PEATÓN,PEATÓN,PEATÓN,83,M,1,AUTO,GENERAL MANUEL ORIBE ESQ. RIO BRANCO,551541.2009,6636436.6212
242,2018-04-06T02:07:00,SAN JOSE,CIUDAD DEL PLATA,NACIONAL,COLISIÓN ENTRE VEHÍCULOS,MOTO,PASAJERO,23,M,0,OMNIBUS,"RUTA 1 KM 26,500",555320.52,6152605.53
243,2018-04-06T06:28:00,SAN JOSE,N/C,NACIONAL,COLISIÓN ENTRE VEHÍCULOS,MOTO,CONDUCTOR,35,M,0,AUTO,"RUTA 1 KM 77,000",515028.81,6182215.99
244,2018-04-06T06:28:00,SAN JOSE,N/C,NACIONAL,COLISIÓN ENTRE VEHÍCULOS,MOTO,PASAJERO,16,F,0,AUTO,"RUTA 1 KM 77,000",515028.81,6182215.99
245,2018-06-06T19:20:00,CANELONES,N/C,NACIONAL,ATROPELLO DE PEATÓN,PEATÓN,PEATÓN,71,M,0,CAMION,"RUTA 11 KM 132,000",596803.72,6178465.08
246,2018-07-06T06:45:00,MONTEVIDEO,MONTEVIDEO,DEPARTAMENTAL,COLISIÓN ENTRE VEHÍCULOS,MOTO,CONDUCTOR,49,M,0,CAMIONETA,AVENIDA DON PEDRO DE MENDOZA ESQ. CAMINO AMERICA,576430.5175,6154870.5743
247,2018-07-06T15:10:00,ARTIGAS,PORT. DE HIERRO Y CAMPODONICO,NACIONAL,COLISIÓN ENTRE VEHÍCULOS,MOTO,CONDUCTOR,21,M,1,CAMION,"RUTA 3 KM 623,000",443638.87552314,6650545.64297822
248,2018-08-06T06:58:00,SALTO,SALTO,DEPARTAMENTAL,DESPISTE,MOTO,CONDUCTOR,19,M,0,"",AVENIDA JOSE ENRIQUE RODO ESQ. GUARANI,410883.4664,6527728.728
249,2018-08-06T14:00:00,MONTEVIDEO,MONTEVIDEO,DEPARTAMENTAL,COLISIÓN ENTRE VEHÍCULOS,MOTO,CONDUCTOR,22,M,13,AUTO,CAMINO MALDONADO ESQ. ABIPONES,581345.7468,6145319.8655
250,2018-11-06T20:15:00,COLONIA,COLONIA DEL SACRAMENTO,DEPARTAMENTAL,COLISIÓN ENTRE VEHÍCULOS,AUTO,CONDUCTOR,51,F,0,AUTO,COSTANERA ESQ. FRANCISCO SOCA,421685.52,6187810.6388
251,2018-06-13T15:55:00,CANELONES,LA PAZ,DEPARTAMENTAL,COLISIÓN ENTRE VEHÍCULOS,MOTO,CONDUCTOR,32,M,2,TREN,DOCTOR LUIS ALBERTO DE HERRERA ESQ. DEL COMERCIO,571229.5883,6154680.6684
252,2018-06-16T05:52:00,CANELONES,N/C,NACIONAL,DESPISTE,CAMIONETA,CONDUCTOR,42,M,0,"","RUTA 35 KM 59,000",619168.27,6158768.22
253,2018-06-16T17:00:00,CANELONES,CIUDAD DE LA COSTA,DEPARTAMENTAL,DESPISTE,AUTO,CONDUCTOR,74,M,26,"",DOROTEO GARCIA LAGOS ESQ. GAVIOTAS,596708.87037264,6145924.2645832
254,2018-06-17T07:45:00,SALTO,N/C,NACIONAL,DESPISTE,AUTO,CONDUCTOR,27,F,4,"","RUTA 4 KM 95,000",497331.3110147,6553647.09501445
255,2018-06-17T18:50:00,MALDONADO,PUNTA DEL ESTE,DEPARTAMENTAL,COLISIÓN ENTRE VEHÍCULOS,MOTO,CONDUCTOR,17,F,1,AUTO,RESALSERO ESQ. GENERAL JOSE G. ARTIGAS,687569.5322,6128699.5506
256,2018-06-20T11:50:00,CANELONES,SALINAS,NACIONAL,COLISIÓN ENTRE VEHÍCULOS,MOTO,CONDUCTOR,21,F,1,AUTO,"RUTA IB KM 37,500",605275.79,6151145.38
257,2018-06-22T17:30:00,CERRO LARGO,RIO BRANCO,DEPARTAMENTAL,COLISIÓN ENTRE VEHÍCULOS,MOTO,CONDUCTOR,48,M,0,MOTO,CENTENARIO ESQ. DIEZ DE JUNIO,839514.1603,6388731.728
258,2018-06-22T06:15:00,PAYSANDU,N/C,NACIONAL,COLISIÓN ENTRE VEHÍCULOS,AUTO,PASAJERO,41,F,0,CAMION,"RUTA 26 KM 81,500",462214.41,6459446.98
259,2018-06-22T06:15:00,PAYSANDU,N/C,NACIONAL,COLISIÓN ENTRE VEHÍCULOS,AUTO,CONDUCTOR,38,M,0,CAMION,"RUTA 26 KM 81,500",462214.41,6459446.98
260,2018-06-22T18:51:00,SAN JOSE,N/C,NACIONAL,COLISIÓN ENTRE VEHÍCULOS,AUTO,PASAJERO,71,F,0,AUTO,"RUTA 3 KM 82,500",523710.27,6191505.48
261,2018-06-23T15:00:00,SALTO,SALTO,DEPARTAMENTAL,COLISIÓN ENTRE VEHÍCULOS,MOTO,CONDUCTOR,38,M,0,CAMIONETA,BENITO SOLARI ESQ. AVENIDA PASCUAL HARRIAGUE,407650.3588,6524285.6901
262,2018-06-23T19:24:00,CANELONES,N/C,NACIONAL,COLISIÓN ENTRE VEHÍCULOS,MOTO,CONDUCTOR,18,M,1,CAMIONETA,"RUTA 87 KM 45,000",604804.07,6155508.7
263,2018-06-24T06:45:00,MALDONADO,N/C,NACIONAL,CAÍDA,MOTO,CONDUCTOR,21,M,0,"","RUTA 9,000 y RUTA 93,000",660380.52716847,6149005.39495906
264,2018-06-24T13:00:00,SAN JOSE,N/C,NACIONAL,COLISIÓN ENTRE VEHÍCULOS,BICICLETA,CONDUCTOR,54,M,0,OMNIBUS,"RUTA 1 KM 106,500",491082.72,6198235.96
265,2018-06-24T17:00:00,SAN JOSE,N/C,DEPARTAMENTAL,DESPISTE,CAMIONETA,PASAJERO,52,F,1,"",CAMINO VECINAL A RACING,494829.99924512,6211685.1532864
266,2018-06-25T14:03:00,MONTEVIDEO,MONTEVIDEO,DEPARTAMENTAL,ATROPELLO DE PEATÓN,PEATÓN,PEATÓN,83,M,3,MOTO,AVENIDA GENERAL RIVERA ESQ. ALBERTO ZUM FELDE,583021.9782,6138700.3427
267,2018-06-27T20:28:00,MONTEVIDEO,MONTEVIDEO,DEPARTAMENTAL,CAÍDA,BICICLETA,CONDUCTOR,61,M,0,AUTO,AVENIDA DON PEDRO DE MENDOZA ESQ. CAMINO BOISO LANZA,576874.0391,6147547.1996
268,2018-06-27T17:30:00,CANELONES,N/C,DEPARTAMENTAL,COLISIÓN ENTRE VEHÍCULOS,MOTO,CONDUCTOR,37,M,0,CARRO,CAMINO LAS PIEDRITAS ESQ. RUTA 84,590109.06221351,6157951.08070576
269,2018-06-29T06:27:00,MONTEVIDEO,MONTEVIDEO,DEPARTAMENTAL,ATROPELLO DE PEATÓN,PEATÓN,PEATÓN,63,F,0,CAMIONETA,GRECIA ESQ. SUECIA,568559.7365,6139765.6641
270,2018-06-30T13:00:00,MALDONADO,BALNEARIO BUENOS AIRES,DEPARTAMENTAL,COLISIÓN ENTRE VEHÍCULOS,MOTO,CONDUCTOR,22,M,0,MOTO,CALLE 32 EL HACHERO ESQ. CALLE 54 LOS JINETES,701557.3315,6137807.3096
271,2018-03-07T18:20:00,MONTEVIDEO,MONTEVIDEO,DEPARTAMENTAL,ATROPELLO DE PEATÓN,PEATÓN,PEATÓN,57,M,1,OMNIBUS,AVENIDA FERNANDEZ CRESPO ESQ. NUEVE DE ABRIL,574814.7715,6138160.7413
272,2018-04-07T20:50:00,MONTEVIDEO,MONTEVIDEO,DEPARTAMENTAL,COLISIÓN ENTRE VEHÍCULOS,MOTO,CONDUCTOR,18,M,0,OMNIBUS,AVENIDA JOSE BELLONI ESQ. CAMINO GENERAL OSVALDO RODRIGUEZ,579057.5416,6150359.2965
273,2018-06-07T02:50:00,SALTO,SALTO,DEPARTAMENTAL,DESPISTE,CAMIONETA,CONDUCTOR,36,M,0,"",COSTANERA SUR TOMAS BERRETA ESQ. JUAN PABLO II,406335.4374,6525979.8584
274,2018-06-07T06:46:00,CANELONES,N/C,NACIONAL,COLISIÓN ENTRE VEHÍCULOS,MOTO,CONDUCTOR,59,M,0,AUTO,"RUTA 36 KM 24,300",564827.67,6159302.21
275,2018-06-07T15:00:00,PAYSANDU,PAYSANDU,DEPARTAMENTAL,COLISIÓN ENTRE VEHÍCULOS,MOTO,CONDUCTOR,20,F,1,AUTO,WASHINGTON ESQ. DOCTOR JOSE VEROCAY,399099.8057,6424151.8183
276,2018-07-07T23:20:00,CANELONES,CIUDAD DE LA COSTA,DEPARTAMENTAL,COLISIÓN CON OBSTÁCULO EN CALZADA,MOTO,CONDUCTOR,41,M,0,"",PARALELA SUR DE RUTA INTERBALNEARIA ESQ. CALLE 53,593037.74851293,6146521.05972706
277,2018-08-07T06:15:00,CANELONES,N/C,NACIONAL,COLISIÓN ENTRE VEHÍCULOS,BICICLETA,CONDUCTOR,49,F,0,CAMIONETA,"RUTA 12 KM 87,000",598620.43433185,6203543.60638036
278,2018-07-14T07:00:00,LAVALLEJA,MINAS,DEPARTAMENTAL,COLISIÓN ENTRE VEHÍCULOS,MOTO,CONDUCTOR,39,M,0,CAMION,DOCTOR LUIS ALBERTO DE HERRERA ESQ. JOSE BATLLE Y ORDOÑEZ,661634.3202,6195294.9797
279,2018-07-14T17:18:00,SORIANO,N/C,NACIONAL,ATROPELLO DE PEATÓN,MOTO,CONDUCTOR,63,M,1,"","RUTA 2 KM 193,500",457167.01,6258095
280,2018-07-15T07:15:00,DURAZNO,N/C,NACIONAL,DESPISTE,CAMIONETA,CONDUCTOR,53,M,0,"","RUTA 14 KM 10,000",588400.30506319,6320702.84140158
281,2018-07-16T01:32:00,CANELONES,CIUDAD DE LA COSTA,DEPARTAMENTAL,DESPISTE,CAMIONETA,PASAJERO,28,F,0,"",PARALELA AL SUR RUTA IB ESQ. AVENIDA PEREZ BUTLER,598814.7713,6148504.9132
282,2018-07-16T14:25:00,CANELONES,SAN BAUTISTA,NACIONAL,ATROPELLO DE PEATÓN,PEATÓN,PEATÓN,15,M,0,CAMION,"RUTA 6 KM 62,000",595026.38,6188599.88
283,2018-07-16T18:30:00,MONTEVIDEO,MONTEVIDEO,DEPARTAMENTAL,ATROPELLO DE PEATÓN,PEATÓN,PEATÓN,61,F,1,CAMION,CAMINO CARRASCO ESQ.CAMINO GENERAL SERVANDO GOMEZ,585580.0072,6141176.7518
284,2018-07-18T05:50:00,RIO NEGRO,N/C,NACIONAL,COLISIÓN ENTRE VEHÍCULOS,MOTO,CONDUCTOR,22,M,0,AUTO,"RUTA 25 KM 69,000",462227.4,6409008.53
285,2018-07-19T02:13:00,COLONIA,NUEVA PALMIRA,DEPARTAMENTAL,CAÍDA,MOTO,CONDUCTOR,47,M,0,"",DOMINGO ORDOÑANA ESQ. TACUABE,370815.0124,6250966.1148
286,2018-07-19T21:50:00,MONTEVIDEO,MONTEVIDEO,DEPARTAMENTAL,ATROPELLO DE PEATÓN,PEATÓN,PEATÓN,81,F,3,MOTO,AVENIDA GENERAL FLORES esq. DOCTOR ANDRES LAMAS,575775.6828,6141539.4911
287,2018-07-19T21:30:00,SALTO,SALTO,DEPARTAMENTAL,COLISIÓN ENTRE VEHÍCULOS,MOTO,CONDUCTOR,25,M,0,AUTO,AVENIDA JOSE ENRIQUE RODO ESQ. AVENIDA ENRIQUE AMORIN,410916.2354,6527998.5786
288,2018-07-21T02:20:00,MONTEVIDEO,MONTEVIDEO,DEPARTAMENTAL,COLISIÓN ENTRE VEHÍCULOS,MOTO,CONDUCTOR,24,M,1,AUTO,AVENIDA BRASIL esq. SIMON BOLIVAR,576744.5653,6136932.4725
289,2018-07-21T07:13:00,MALDONADO,SAN CARLOS,DEPARTAMENTAL,COLISIÓN ENTRE VEHÍCULOS,CAMIONETA,PASAJERO,42,M,0,AUTO,"RUTA 39 KM 15,000",689627.42269026,6146342.72832239
290,2018-07-21T07:13:00,MALDONADO,SAN CARLOS,DEPARTAMENTAL,COLISIÓN ENTRE VEHÍCULOS,AUTO,CONDUCTOR,38,M,0,CAMIONETA,"RUTA 39 KM 15,000",689627.42269026,6146342.72832239
291,2018-07-21T19:20:00,ARTIGAS,N/C,NACIONAL,ATROPELLO DE ANIMALES,MOTO,CONDUCTOR,40,M,0,"","RUTA 3 RAMAL 25 KM 3,500",447213.93267325,6644465.24123408
292,2018-07-23T07:00:00,MONTEVIDEO,MONTEVIDEO,DEPARTAMENTAL,DESPISTE,MOTO,CONDUCTOR,28,M,0,"",AVENIDA MILLAN esq. AMERICO VESPUCIO,573858.1349,6141269.1752
293,2018-07-24T07:00:00,CANELONES,CANELONES,NACIONAL,COLISIÓN ENTRE VEHÍCULOS,CAMIONETA,CONDUCTOR,49,M,0,CAMION,"RUTA 5 km. 46,000",566914.26,6179815.45
294,2018-07-24T07:00:00,CANELONES,CANELONES,NACIONAL,COLISIÓN ENTRE VEHÍCULOS,CAMIONETA,PASAJERO,21,M,0,CAMION,"RUTA 5 km. 46,000",566914.26,6179815.45
295,2018-07-25T14:55:00,SAN JOSE,CIUDAD DEL PLATA,DEPARTAMENTAL,COLISIÓN ENTRE VEHÍCULOS,AUTO,CONDUCTOR,61,M,1,OMNIBUS,RUTA UNO VIEJA esq. ZAPICAN,557066.5025,6151738.6922
296,2018-07-25T20:35:00,MONTEVIDEO,MONTEVIDEO,DEPARTAMENTAL,ATROPELLO DE PEATÓN,PEATÓN,PEATÓN,80,F,0,AUTO,AVENIDA GENERAL FLORES esq. AVENIDA DOCTOR LUIS ALBERTO DE HERRERA,575692.6866,6141400.311
297,2018-07-26T18:30:00,FLORIDA,FLORIDA,DEPARTAMENTAL,COLISIÓN ENTRE VEHÍCULOS,MOTO,CONDUCTOR,58,M,1,CAMIONETA,HEBER USHER ESQ. MAESTRA ANGELA GIL,571324.66631139,6228706.09721579
298,2018-07-27T18:01:00,MONTEVIDEO,MONTEVIDEO,DEPARTAMENTAL,ATROPELLO DE PEATÓN,PEATÓN,PEATÓN,75,F,0,OMNIBUS,AVENIDA LIBERTADOR BRIGADIER GENERAL LAVALLEJA ESQ. GALICIA,573860.9139,6137718.3632
299,2018-07-29T16:50:00,MONTEVIDEO,MONTEVIDEO,DEPARTAMENTAL,DESPISTE,AUTO,CONDUCTOR,22,M,0,"",AVENIDA DOCTOR LUIS ALBERTO DE HERRERA ESQ. DOCTOR JOSE MARIA PENCO,575162.16,6141788.9982
300,2018-07-13T17:06:00,MONTEVIDEO,MONTEVIDEO,DEPARTAMENTAL,COLISIÓN ENTRE VEHÍCULOS,MOTO,CONDUCTOR,26,M,1,AUTO,MEDIODIA ESQ. LUIS LASAGNA,568142.595,6149694.0839
301,2018-07-30T19:00:00,LAVALLEJA,SOLIS DE MATAOJO,NACIONAL,ATROPELLO DE ANIMALES,MOTO,CONDUCTOR,20,M,1,"","RUTA 8 KM 79,000",640335.53,6169355.55
302,2018-07-31T07:28:00,MONTEVIDEO,MONTEVIDEO,DEPARTAMENTAL,ATROPELLO DE PEATÓN,PEATÓN,PEATÓN,29,M,5,MOTO,OVIDIO FERNANDEZ ESQ. ARCHIDONA,581272.6697,6145954.955
303,2018-07-31T11:50:00,CANELONES,N/C,NACIONAL,CAÍDA,MOTO,PASAJERO,3,M,1,"","RUTA 33 KM 24,200",581198.32,6157053.82
304,2018-07-31T18:30:00,MALDONADO,N/C,NACIONAL,COLISIÓN ENTRE VEHÍCULOS,AUTO,CONDUCTOR,39,F,2,AUTO,RUTA INTERBALNEARIA CASI ARRAYANES,663822.0294128,6143695.83136193
305,2018-02-08T01:00:00,RIVERA,VICHADERO,NACIONAL,DESPISTE,AUTO,PASAJERO,23,M,1,"","RUTA 6 KM 392,000",718557.28,6481378.48
306,2018-02-08T12:45:00,FLORIDA,N/C,NACIONAL,COLISIÓN ENTRE VEHÍCULOS,CAMIONETA,CONDUCTOR,60,M,0,OMNIBUS,"RUTA 5 KM 94,000",574439.34754075,6225489.81578323
307,2018-05-08T01:05:00,RIVERA,RIVERA,DEPARTAMENTAL,COLISIÓN ENTRE VEHÍCULOS,MOTO,PASAJERO,20,F,3,MOTO,TRANQUERAS ESQ. GENERAL JUAN ANTONIO LAVALLEJA,639860.7571,6579772.6634
308,2018-05-08T05:20:00,ARTIGAS,BELLA UNION,DEPARTAMENTAL,DESPISTE,CAMIONETA,CONDUCTOR,15,M,0,"",GENERAL JOSE G. ARTIGAS ESQ. CERRO LARGO,442991.6812,6652419.5529
309,2018-05-08T07:00:00,CANELONES,LAS PIEDRAS,DEPARTAMENTAL,CAÍDA,MOTO,CONDUCTOR,76,M,0,"",CARLOS GARDEL ESQ. DOMINGO CASTILLAS,571515.9397,6155107.0841
310,2018-07-08T12:20:00,PAYSANDU,PORVENIR,DEPARTAMENTAL,ATROPELLO DE ANIMALES,MOTO,CONDUCTOR,30,M,2,"",TREINTA Y TRES ORIENTALES ESQ. VEINTICINCO DE AGOSTO,408877.4443,6415412.0506
311,2018-07-08T19:30:00,CANELONES,TOLEDO,DEPARTAMENTAL,ATROPELLO DE PEATÓN,PEATÓN,PEATÓN,75,M,8,MOTO,17 METROS ESQ ADRIAN MEDINA,581994.80431833,6155116.06461906
312,2018-10-08T07:35:00,SORIANO,DOLORES,DEPARTAMENTAL,COLISIÓN ENTRE VEHÍCULOS,CAMION,PASAJERO,30,M,1,CAMION,GENERAL MANUEL ORIBE ESQ. TOMAS GOMENSORO,387280.2114,6289872.0574
313,2018-10-08T22:30:00,TACUAREMBO,TACUAREMBO,DEPARTAMENTAL,DESPISTE,MOTO,PASAJERO,18,M,2,"",FERNANDO SECCO APARICIO ESQ. MANUEL FREIRE,597534.2808,6492141.7546
314,2018-10-08T22:30:00,TACUAREMBO,TACUAREMBO,DEPARTAMENTAL,DESPISTE,MOTO,CONDUCTOR,16,M,0,"",FERNANDO SECCO APARICIO ESQ. MANUEL FREIRE,597534.2808,6492141.7546
315,2018-11-08T13:27:00,CANELONES,LAS PIEDRAS,DEPARTAMENTAL,COLISIÓN ENTRE VEHÍCULOS,MOTO,CONDUCTOR,47,M,0,OMNIBUS,AVENIDA JOSE BATLLE Y ORDOÑEZ ESQ. JOSE PEDRO VARELA,572083.4171,6157056.4037
316,2018-11-08T17:55:00,MONTEVIDEO,MONTEVIDEO,DEPARTAMENTAL,ATROPELLO DE PEATÓN,PEATÓN,PEATÓN,81,M,0,MOTO,AVENIDA ITALIA ESQ. ALTO PERU,580039.7206,6139128.3873
317,2018-11-08T17:20:00,CANELONES,N/C,NACIONAL,DESPISTE,AUTO,PASAJERO,30,F,0,OMNIBUS,"RUTA 36 KM 35,000",560111.91,6168415.79
318,2018-11-08T17:20:00,CANELONES,N/C,NACIONAL,DESPISTE,AUTO,PASAJERO,0,F,0,OMNIBUS,"RUTA 36 KM 35,000",560111.91,6168415.79
319,2018-11-08T17:20:00,CANELONES,N/C,NACIONAL,DESPISTE,AUTO,CONDUCTOR,29,M,0,OMNIBUS,"RUTA 36 KM 35,000",560111.91,6168415.79
320,2018-12-08T17:45:00,CANELONES,CITY GOLF,NACIONAL,COLISIÓN ENTRE VEHÍCULOS,AUTO,PASAJERO,74,F,1,OMNIBUS,"RUTA IB KM 45,000",612621.23,6152083.74
321,2018-12-08T17:45:00,CANELONES,CITY GOLF,NACIONAL,COLISIÓN ENTRE VEHÍCULOS,AUTO,CONDUCTOR,79,M,24,OMNIBUS,"RUTA IB KM 45,000",612621.23,6152083.74
322,2018-12-08T17:20:00,SALTO,SALTO,DEPARTAMENTAL,ATROPELLO DE PEATÓN,PEATÓN,PEATÓN,83,M,0,MOTO,MANUEL ORIBE ESQ. RAMBLA CEIBAL,411131.28904597,6527215.94636816
323,2018-08-13T19:40:00,CANELONES,TALA,DEPARTAMENTAL,ATROPELLO DE PEATÓN,PEATÓN,PEATÓN,3,F,0,CAMIONETA,TREINTA Y TRES ESQ. ESTADIO DE NACIONAL,613264.1154,6199656.6996
324,2018-08-14T17:30:00,CERRO LARGO,N/C,NACIONAL,DESPISTE,AUTO,CONDUCTOR,44,M,1,"","RUTA 8 KM 388,000",771008.77,6409361.81
325,2018-08-15T09:50:00,MONTEVIDEO,MONTEVIDEO,NACIONAL,COLISIÓN ENTRE VEHÍCULOS,MOTO,CONDUCTOR,64,M,13,AUTO,RUTA ACCESOS KM 1800,567757.48970894,6142682.99509392
326,2018-08-15T11:30:00,MONTEVIDEO,MONTEVIDEO,DEPARTAMENTAL,COLISIÓN ENTRE VEHÍCULOS,MOTO,PASAJERO,22,M,1,CAMIONETA,BOULEVARD APARICIO SARAVIA ESQ. ALEJANDRO DUMAS,572188.0531,6146487.6755
327,2018-08-15T11:40:00,ARTIGAS,ARTIGAS,DEPARTAMENTAL,COLISIÓN ENTRE VEHÍCULOS,MOTO,CONDUCTOR,61,M,0,CAMION,GENERAL JUAN ANTONIO LAVALLEJA ESQ. GENERAL EUGENIO GARZON,551165.83,6636645.029
328,2018-08-17T23:27:00,MALDONADO,SAN CARLOS,DEPARTAMENTAL,CAÍDA,MOTO,CONDUCTOR,53,F,2,"",CARLOS SEIJO ESQ. CAMINO AL CEMENTERIO,689717.4336,6147039.8553
329,2018-08-19T09:25:00,CERRO LARGO,N/C,NACIONAL,COLISIÓN ENTRE VEHÍCULOS,AUTO,CONDUCTOR,35,M,0,CAMIONETA,"RUTA 8 KM 421,000",766599.27,6436503.36
330,2018-08-21T09:17:00,SAN JOSE,CIUDAD DEL PLATA,NACIONAL,ATROPELLO DE PEATÓN,PEATÓN,PEATÓN,24,M,0,AUTO,"RUTA 1 KM 33,500",549466.32,6156563.31
331,2018-08-21T19:25:00,FLORES,N/C,NACIONAL,COLISIÓN ENTRE VEHÍCULOS,AUTO,CONDUCTOR,53,M,0,CAMION,"RUTA 3 KM 235,000",489482.52,6326880.68
332,2018-08-22T17:05:00,MONTEVIDEO,MONTEVIDEO,DEPARTAMENTAL,COLISIÓN ENTRE VEHÍCULOS,AUTO,PASAJERO,37,M,21,CAMIONETA,AVENIDA INGENIERO FEDERICO CAPURRO ESQ. CAMINO DE LAS TROPAS,567144.1013,6140786.9411
333,2018-08-22T20:00:00,TACUAREMBO,TACUAREMBO,DEPARTAMENTAL,DESPISTE,MOTO,CONDUCTOR,22,F,6,"",C. CATALOGNE ESQ. RAMBLA,596405.529,6490049.9108
334,2018-08-23T19:30:00,PAYSANDU,N/C,NACIONAL,COLISIÓN ENTRE VEHÍCULOS,CAMIONETA,CONDUCTOR,51,M,0,CAMIONETA,"RUTA 26 KM 49,000",432996.6,6452962.92
335,2018-08-25T19:30:00,TACUAREMBO,PASO DE LOS TOROS,NACIONAL,COLISIÓN ENTRE VEHÍCULOS,MOTO,CONDUCTOR,20,M,0,MOTO,"RUTA 5 KM 250,000",546260.51,6369800.87
336,2018-08-25T19:30:00,TACUAREMBO,PASO DE LOS TOROS,NACIONAL,COLISIÓN ENTRE VEHÍCULOS,MOTO,CONDUCTOR,23,M,0,MOTO,"RUTA 5 KM 250,000",546260.51,6369800.87
337,2018-08-25T22:22:00,SALTO,N/C,DEPARTAMENTAL,CAÍDA,MOTO,CONDUCTOR,24,M,27,"","JOSE LUIS OXANDABARAT KM 2,500 DE CAMINO DE ACCESO A CONSTITUCIÓN",421375.73099685,6562228.07884309
338,2018-08-31T15:00:00,CANELONES,PROGRESO,DEPARTAMENTAL,COLISIÓN ENTRE VEHÍCULOS,MOTO,CONDUCTOR,15,F,0,AUTO,GENERAL ARTIGAS ESQ. ZORRILLA DE SAN MARTIN,571780.2324,6161626.4051
339,2018-08-31T20:10:00,MONTEVIDEO,MONTEVIDEO,NACIONAL,COLISIÓN ENTRE VEHÍCULOS,BICICLETA,CONDUCTOR,34,M,0,OMNIBUS,"RUTA 6 KM 19,100",580516.56,6152640.19
340,2018-01-09T10:50:00,MONTEVIDEO,MONTEVIDEO,DEPARTAMENTAL,COLISIÓN ENTRE VEHÍCULOS,MOTO,PASAJERO,,F,1,CAMIONETA,AVENIDA DAMASO ANTONIO LARRAÑAGA ESQ. EL CAIRO,577630.3985,6142307.5048
341,2018-04-09T11:18:00,MONTEVIDEO,MONTEVIDEO,DEPARTAMENTAL,COLISIÓN ENTRE VEHÍCULOS,MOTO,CONDUCTOR,36,M,1,CAMION,RUTA CESAR MAYO GUTIERREZ ESQ. LA CASONA,570963.9461,6149878.2724
342,2018-06-09T02:30:00,FLORES,N/C,NACIONAL,DESPISTE,CAMION,CONDUCTOR,24,M,0,"","RUTA 14 KM 147,000",517945.97,6295485.19
343,2018-06-09T13:00:00,MALDONADO,SAN CARLOS,DEPARTAMENTAL,COLISIÓN ENTRE VEHÍCULOS,MOTO,CONDUCTOR,58,M,1,CAMIONETA,JACINTO MARIA ALVARIZA ESQ. EJIDO,690240.4345,6148622.1011
344,2018-06-09T17:10:00,TACUAREMBO,N/C,NACIONAL,DESPISTE,CAMIONETA,PASAJERO,,M,0,"","RUTA 6 KM 340,500",698450.24,6444698.14
345,2018-07-09T18:25:00,CANELONES,COLONIA NICOLICH,NACIONAL,COLISIÓN ENTRE VEHÍCULOS,BICICLETA,CONDUCTOR,10,F,1,CAMIONETA,"RUTA 102 KM 25,000",588059.12458296,6147324.59419146
346,2018-08-09T01:55:00,SAN JOSE,CIUDAD DEL PLATA,NACIONAL,COLISIÓN ENTRE VEHÍCULOS,MOTO,CONDUCTOR,37,M,1,AUTO,"RUTA 1 KM 28,900",553060,6153738.56
347,2018-08-09T08:50:00,MALDONADO,N/C,NACIONAL,DESPISTE,AUTO,PASAJERO,29,M,0,"","RUTA 13 KM 190,000",722931.45,6220690.16
348,2018-08-09T08:50:00,MALDONADO,N/C,NACIONAL,DESPISTE,AUTO,CONDUCTOR,24,M,0,"","RUTA 13 KM 190,000",722931.45,6220690.16
349,2018-08-09T20:16:00,CANELONES,N/C,NACIONAL,COLISIÓN ENTRE VEHÍCULOS,MOTO,CONDUCTOR,39,M,1,AUTO,"RUTA 11 KM 143,000",605745.04,6173247.73
350,2018-09-09T03:05:00,TACUAREMBO,TACUAREMBO,DEPARTAMENTAL,COLISIÓN ENTRE VEHÍCULOS,MOTO,CONDUCTOR,25,M,0,AUTO,DOCTOR IVO FERREIRA ESQ. WASHINGTON BELTRAN,596207.3527,6490919.4292
351,2018-09-09T06:45:00,MALDONADO,N/C,DEPARTAMENTAL,DESPISTE,AUTO,PASAJERO,22,M,0,"",CAMINO LOS CEIBOS A 2 KM DE RUTA 9,683898.04,6154562.2
352,2018-09-09T20:00:00,DURAZNO,N/C,NACIONAL,COLISIÓN ENTRE VEHÍCULOS,AUTO,CONDUCTOR,74,M,1,CAMION,"RUTA 7 KM 254,300",676363.79,6337780
353,2018-09-09T20:00:00,DURAZNO,N/C,NACIONAL,COLISIÓN ENTRE VEHÍCULOS,AUTO,PASAJERO,75,F,2,CAMION,"RUTA 7 KM 254,300",676363.79,6337780
354,2018-10-09T02:00:00,TACUAREMBO,TACUAREMBO,DEPARTAMENTAL,COLISIÓN ENTRE VEHÍCULOS,MOTO,CONDUCTOR,68,M,11,CAMIONETA,TREINTA Y TRES ESQ. DOCTOR LUIS ALBERTO DE HERRERA,596981.1171,6491009.426
355,2018-12-09T06:50:00,CANELONES,PROGRESO,NACIONAL,COLISIÓN ENTRE VEHÍCULOS,MOTO,CONDUCTOR,56,M,0,CAMION,"RUTA 5 KM 29,400",569561.54,6163680.94
356,2018-09-14T22:00:00,ARTIGAS,BELLA UNION,NACIONAL,COLISIÓN ENTRE VEHÍCULOS,MOTO,CONDUCTOR,30,M,0,CAMION,"RUTA 3 KM 622,000",443214.981,6652038.2518
357,2018-09-15T13:15:00,MONTEVIDEO,MONTEVIDEO,DEPARTAMENTAL,COLISIÓN ENTRE VEHÍCULOS,MOTO,CONDUCTOR,18,M,0,CAMION,MEDIODIA ESQ. AVENIDA LEZICA,568283.4438,6149821.8358
358,2018-09-15T17:17:00,CANELONES,CIUDAD DE LA COSTA,NACIONAL,COLISIÓN ENTRE VEHÍCULOS,BICICLETA,CONDUCTOR,25,M,3,AUTO,"RUTA INTERBALNEARIA KM 27,200",595746.54,6148358.06
359,2018-09-16T02:10:00,DURAZNO,DURAZNO,NACIONAL,ATROPELLO DE ANIMALES,MOTO,CONDUCTOR,21,M,0,"","RUTA 5 KM 181,100",545183.81,6303322.66
360,2018-09-16T08:50:00,ROCHA,N/C,NACIONAL,COLISIÓN ENTRE VEHÍCULOS,AUTO,PASAJERO,63,F,0,AUTO,"RUTA 9 KM 241,500",773257.71,6199283.38
361,2018-09-16T08:50:00,ROCHA,N/C,NACIONAL,COLISIÓN ENTRE VEHÍCULOS,AUTO,PASAJERO,54,M,0,AUTO,"RUTA 9 KM 241,500",773257.71,6199283.38
362,2018-09-16T08:50:00,ROCHA,N/C,NACIONAL,COLISIÓN ENTRE VEHÍCULOS,AUTO,PASAJERO,62,F,0,AUTO,"RUTA 9 KM 241,500",773257.71,6199283.38
363,2018-09-16T08:50:00,ROCHA,N/C,NACIONAL,COLISIÓN ENTRE VEHÍCULOS,AUTO,CONDUCTOR,64,M,3,AUTO,"RUTA 9 KM 241,500",773257.71,6199283.38
364,2018-09-17T16:16:00,COLONIA,N/C,DEPARTAMENTAL,COLISIÓN ENTRE VEHÍCULOS,MOTO,CONDUCTOR,32,F,1,CARRO,MUNICIPIO  ESQ. NO ENCONTRADA,424010.78782947,6187540.08936294
365,2018-09-18T04:15:00,MONTEVIDEO,MONTEVIDEO,DEPARTAMENTAL,COLISIÓN ENTRE VEHÍCULOS,MOTO,CONDUCTOR,44,M,0,AUTO,AVENIDA DE LAS INSTRUCCIONES ESQ. BOULEVARD APARICIO SARAVIA,574083.8481,6145107.2227
366,2018-09-18T09:30:00,RIVERA,RIVERA,DEPARTAMENTAL,CAÍDA,MOTO,CONDUCTOR,47,F,6,"",FRANCISCO ROMERO ESQ. LÁZARO GADEA,636247.3723,6581235.9727
367,2018-09-18T19:30:00,SAN JOSE,N/C,NACIONAL,DESPISTE,TRICICLO,CONDUCTOR,56,M,0,"","RUTA 1 KM 104,500",492648.82,6198035.31
368,2018-09-19T07:21:00,CERRO LARGO,N/C,NACIONAL,DESPISTE,CAMIONETA,CONDUCTOR,59,M,0,"","RUTA 26 KM 54,000",809915.28099262,6399754.27264547
369,2018-09-19T16:30:00,DURAZNO,DURAZNO,DEPARTAMENTAL,COLISIÓN ENTRE VEHÍCULOS,MOTO,CONDUCTOR,22,M,0,AUTO,ANTONIO ORLANDO GIORDANO ESQ. DOCTOR RAUL SANTINI PELUFFO,545579.1721,6305329.7013
370,2018-09-20T22:50:00,RIO NEGRO,YOUNG,NACIONAL,COLISIÓN ENTRE VEHÍCULOS,MOTO,CONDUCTOR,27,M,0,CAMIONETA,"RUTA 3 KM 311,000",439832.9,6382624.54
371,2018-09-22T00:47:00,MONTEVIDEO,MONTEVIDEO,DEPARTAMENTAL,ATROPELLO DE PEATÓN,PEATÓN,PEATÓN,19,M,0,AUTO,RAMBLA REPUBLICA DEL PERU esq. MARCO BRUTO,578849.9648,6136588.6407
372,2018-09-22T12:15:00,RIO NEGRO,N/C,NACIONAL,CAÍDA,MOTO,CONDUCTOR,56,M,1,"","RUTA 24 KM 66,000",406483.05,6383189.25
373,2018-09-22T16:59:00,CANELONES,N/C,NACIONAL,DESPISTE,MOTO,CONDUCTOR,27,M,0,"","RUTA 36 KM 40,500",556463.6,6172211.1
374,2018-09-22T19:44:00,MONTEVIDEO,MONTEVIDEO,NACIONAL,ATROPELLO DE PEATÓN,PEATÓN,PEATÓN,35,M,0,CAMIONETA,"RUTA 1 KM 18,500",560152.22,6147574.72
375,2018-09-23T10:25:00,SAN JOSE,N/C,DEPARTAMENTAL,DESPISTE,AUTO,PASAJERO,28,M,0,"",CAMINO POLÍMEROS Y CAMINO PANTA,520519.5376178,6212077.0014576
376,2018-09-23T14:50:00,MONTEVIDEO,MONTEVIDEO,DEPARTAMENTAL,ATROPELLO DE PEATÓN,PEATÓN,PEATÓN,78,M,1,MOTO,AVENIDA GONZALO RAMIREZ ESQ. JUAN JACKSON,575575.9242,6136424.5631
377,2018-09-23T20:21:00,MONTEVIDEO,MONTEVIDEO,NACIONAL,ATROPELLO DE PEATÓN,PEATÓN,PEATÓN,50,F,0,AUTO,"RUTA 5 KM 9,000",568242.60603474,6145097.535836
378,2018-09-26T08:25:00,TACUAREMBO,TACUAREMBO,NACIONAL,COLISIÓN ENTRE VEHÍCULOS,BICICLETA,CONDUCTOR,41,F,0,CAMION,"RUTA 5 KM. 388,000",597509.19,6489464.58
379,2018-09-26T23:07:00,MONTEVIDEO,MONTEVIDEO,DEPARTAMENTAL,COLISIÓN ENTRE VEHÍCULOS,MOTO,CONDUCTOR,28,M,0,AUTO,AVENIDA MILLAN esq. AVENIDA GENERAL EUGENIO GARZON,571167.1285,6145022.2188
380,2018-09-29T21:30:00,RIVERA,N/C,NACIONAL,DESPISTE,AUTO,CONDUCTOR,40,M,0,"","RUTA 28 KM 56,000",652629.61,6525525.37
381,2018-09-29T21:30:00,RIVERA,N/C,NACIONAL,DESPISTE,AUTO,PASAJERO,5,M,0,"","RUTA 28 KM 56,000",652629.61,6525525.37
382,2018-09-29T21:30:00,RIVERA,N/C,NACIONAL,DESPISTE,AUTO,PASAJERO,36,F,0,"","RUTA 28 KM 56,000",652629.61,6525525.37
383,2018-09-29T21:30:00,RIVERA,N/C,NACIONAL,DESPISTE,AUTO,PASAJERO,8,F,0,"","RUTA 28 KM 56,000",652629.61,6525525.37
384,2018-09-29T02:01:00,MONTEVIDEO,MONTEVIDEO,DEPARTAMENTAL,COLISIÓN ENTRE VEHÍCULOS,MOTO,CONDUCTOR,20,M,0,AUTO,CAMINO BENITO BERGES ESQ. AVENIDA JOSE BELLONI,579029.7522,6149652.4595
385,2018-09-30T13:40:00,MONTEVIDEO,MONTEVIDEO,DEPARTAMENTAL,COLISIÓN ENTRE VEHÍCULOS,MOTO,CONDUCTOR,58,M,0,OMNIBUS,SANTA LUCIA ESQ. LADINES,570541.26,6143282.2976
386,2018-09-30T18:10:00,CERRO LARGO,N/C,NACIONAL,DESPISTE,CAMIONETA,CONDUCTOR,57,M,1,"","RUTA 44 KM 39,000",735977.28,6435663.28
387,2018-01-10T15:40:00,LAVALLEJA,N/C,NACIONAL,DESPISTE,CAMION,CONDUCTOR,59,M,1,"","RUTA 8 KM 168,000",696298.26,6219909.57
388,2018-02-10T21:46:00,CANELONES,LAS PIEDRAS,DEPARTAMENTAL,ATROPELLO DE PEATÓN,PEATÓN,PEATÓN,65,M,1,OMNIBUS,AVENIDA JOSE BATLLE Y ORDOÑEZ ESQ. LAVALLEJA,571674.9182,6157044.2575
389,2018-02-10T12:52:00,MONTEVIDEO,MONTEVIDEO,DEPARTAMENTAL,ATROPELLO DE PEATÓN,PEATÓN,PEATÓN,89,M,4,OMNIBUS,PAYSANDU ESQ. JULIO HERRERA Y OBES,573533.7757,6137487.8036
390,2018-05-10T23:35:00,FLORIDA,FLORIDA,DEPARTAMENTAL,COLISIÓN ENTRE VEHÍCULOS,MOTO,CONDUCTOR,20,M,0,CAMION,GENERAL APARICIO SARAVIA ESQ. JOAQUIN SUAREZ,572431.8427,6227296.2914
391,2018-06-10T09:40:00,TACUAREMBO,TACUAREMBO,DEPARTAMENTAL,ATROPELLO DE PEATÓN,PEATÓN,PEATÓN,79,F,0,CAMION,C. CATALOGNE ESQ. JUAN ORTIZ,596373.7572,6490082.2077
392,2018-07-10T00:00:00,TREINTA Y TRES,TREINTA Y TRES,DEPARTAMENTAL,COLISIÓN ENTRE VEHÍCULOS,MOTO,PASAJERO,15,F,1,AUTO,DE TROPAS ESQ. AVENIDA BRASIL,743011.81176901,6319144.30100887
393,2018-07-10T15:36:00,COLONIA,COLONIA,NACIONAL,COLISIÓN ENTRE VEHÍCULOS,MOTO,CONDUCTOR,35,M,0,CAMIONETA,"RUTA 21 KM 228,000",401713.19,6225777.28
394,2018-07-10T19:58:00,SAN JOSE,CIUDAD DEL PLATA,NACIONAL,ATROPELLO DE PEATÓN,PEATÓN,PEATÓN,67,M,0,AUTO,"RUTA 1 KM 31,900",550716.77,6155553.6
395,2018-07-10T20:20:00,RIO NEGRO,N/C,NACIONAL,ATROPELLO DE PEATÓN,PEATÓN,PEATÓN,39,M,0,AUTO,"RUTA 3 KM 292,000",451267.71,6367521.67
396,2018-08-10T15:25:00,RIO NEGRO,YOUNG,DEPARTAMENTAL,ATROPELLO DE PEATÓN,PEATÓN,PEATÓN,44,M,1,CAMION,WILSON FERREIRA ALDUNATE ESQ. ANSINA,442181.5578,6381935.7553
397,2018-08-10T22:20:00,SAN JOSE,N/C,DEPARTAMENTAL,CAÍDA,MOTO,CONDUCTOR,53,M,0,"",CAMINO MAURICIO,532459.45350617,6162303.47600155
398,2018-09-10T02:47:00,MONTEVIDEO,MONTEVIDEO,DEPARTAMENTAL,COLISIÓN ENTRE VEHÍCULOS,AUTO,PASAJERO,19,M,0,AUTO,AVENIDA GENERAL FLORES ESQ. IBERIA,577566.0771,6144196.5651
399,2018-01-10T08:00:00,PAYSANDU,PAYSANDU,DEPARTAMENTAL,COLISIÓN ENTRE VEHÍCULOS,MOTO,CONDUCTOR,56,F,8,CAMIONETA,AVENIDA SORIANO esq. ZORRILLA DE SAN MARTIN,398081.7597,6422900.2209
400,2018-05-10T17:40:00,MALDONADO,MALDONADO,DEPARTAMENTAL,COLISIÓN ENTRE VEHÍCULOS,MOTO,CONDUCTOR,60,F,15,MOTO,AVENIDA JOSE BATLLE Y ORDOÑEZ ESQ. INDEPENDENCIA,687015.9363,6136807.6857
401,2018-09-10T06:50:00,CANELONES,LAS PIEDRAS,DEPARTAMENTAL,COLISIÓN ENTRE VEHÍCULOS,MOTO,CONDUCTOR,17,M,0,AUTO,VIVIAN TRIAS ESQ. CONTINUACION DOCTOR ALFONSO ESPINOLA,571353.0787,6157618.7287
402,2018-10-10T20:17:00,PAYSANDU,QUEBRACHO,DEPARTAMENTAL,COLISIÓN ENTRE VEHÍCULOS,MOTO,PASAJERO,14,M,0,OMNIBUS,DIECIOCHO DE JULIO ESQ. MACARIO GARCIA,415010.7041,6466311.8103
403,2018-12-10T07:13:00,CANELONES,JUANICÓ,DEPARTAMENTAL,COLISIÓN ENTRE VEHÍCULOS,MOTO,CONDUCTOR,23,M,0,CAMION,SAM MARCOS ESQ. CON. GIGANTE,568021.1389,6171646.4239
404,2018-12-10T14:15:00,CERRO LARGO,N/C,NACIONAL,COLISIÓN ENTRE VEHÍCULOS,CAMIONETA,CONDUCTOR,69,M,0,AUTO,"RUTA 18 KM 376,000",809176.4,6374113.78
405,2018-12-10T23:55:00,MONTEVIDEO,MONTEVIDEO,NACIONAL,CAÍDA,MOTO,CONDUCTOR,45,M,0,"",RUTA DE ACCESO ESQ. INGENIERO JUAN ALBERTO CAPURRO,571609.2606,6140806.653
406,2018-10-13T20:27:00,SAN JOSE,N/C,NACIONAL,ATROPELLO DE PEATÓN,PEATÓN,PEATÓN,35,M,0,OMNIBUS,"RUTA 3 KM 88,000",525249.91,6196810.81
407,2018-10-15T04:45:00,LAVALLEJA,N/C,NACIONAL,COLISIÓN ENTRE VEHÍCULOS,AUTO,CONDUCTOR,42,M,0,OMNIBUS,"RUTA 8 KM 109,000",653851.23488591,6193261.96815095
408,2018-10-15T04:45:00,LAVALLEJA,N/C,NACIONAL,COLISIÓN ENTRE VEHÍCULOS,AUTO,PASAJERO,42,F,2,OMNIBUS,"RUTA 8 KM 109,000",653851.23488591,6193261.96815095
409,2018-10-15T16:00:00,TACUAREMBO,N/C,NACIONAL,CAÍDA,MOTO,CONDUCTOR,61,M,0,"",RUTA 43 KM NO ENCONTRADO,610002.59366724,6393417.22455471
410,2018-10-16T09:35:00,MONTEVIDEO,MONTEVIDEO,NACIONAL,COLISIÓN ENTRE VEHÍCULOS,MOTO,CONDUCTOR,48,M,2,CAMION,"RUTA 5 KM 10,000",568224.74481011,6144770.2971852
411,2018-10-10T11:26:00,MALDONADO,LA CAPUERA,NACIONAL,ATROPELLO DE PEATÓN,PEATÓN,PEATÓN,39,M,4,AUTO,"RUTA 93 KM 110,800",671253.12,6140512.64
412,2018-10-19T14:30:00,ARTIGAS,N/C,NACIONAL,DESPISTE,CAMIONETA,CONDUCTOR,63,M,0,"","RUTA 4 KM 179,000",530514.625298,6605997.39346505
413,2018-10-20T22:30:00,ROCHA,CASTILLOS,DEPARTAMENTAL,ATROPELLO DE ANIMALES,MOTO,CONDUCTOR,18,M,0,"",AVENIDA ESPAÑA FRENTE AL EX FRIGORIFICO,787463.8613947,6210764.40063617
414,2018-10-21T06:15:00,ROCHA,ROCHA,NACIONAL,DESPISTE,MOTO,CONDUCTOR,23,M,1,"",JOSE BATLLE Y ORDOÑEZ ESQ. GENERAL LEONARDO OLIVERA,746080.71999016,6180449.17570195
415,2018-10-21T20:01:00,CANELONES,CANELONES,NACIONAL,COLISIÓN ENTRE VEHÍCULOS,MOTO,CONDUCTOR,48,M,0,CAMIONETA,"RUTA 33 KM 26,000",581545.88,6158780.36
416,2018-10-22T13:18:00,CANELONES,JOAQUÍN SUAREZ,NACIONAL,COLISIÓN ENTRE VEHÍCULOS,MOTO,CONDUCTOR,18,F,1,MOTO,ANDALUZ ESQ. 17 METROS,587529.2072,6155617.5331
417,2018-10-26T12:19:00,ROCHA,ROCHA,DEPARTAMENTAL,COLISIÓN ENTRE VEHÍCULOS,MOTO,CONDUCTOR,17,M,0,CAMION,LUIS ALBERTO DE HERRERA ESQ. CALLE 33,746082.5348,6179844.4826
418,2018-10-26T19:51:00,CANELONES,INSTITUTO ADVENTISTA,NACIONAL,COLISIÓN ENTRE VEHÍCULOS,CAMIONETA,PASAJERO,78,M,0,OMNIBUS,"RUTA 5 KM 33,500",568487.17,6167606.82
419,2018-10-26T19:51:00,CANELONES,INSTITUTO ADVENTISTA,NACIONAL,COLISIÓN ENTRE VEHÍCULOS,CAMIONETA,PASAJERO,83,F,0,OMNIBUS,"RUTA 5 KM 33,500",568487.17,6167606.82
420,2018-10-27T15:30:00,PAYSANDU,N/C,NACIONAL,COLISIÓN ENTRE VEHÍCULOS,MOTO,CONDUCTOR,29,M,0,CAMIONETA,"RUTA 3 KM 419,000",419230.29,6464578
421,2018-10-28T01:50:00,MALDONADO,SAN CARLOS,DEPARTAMENTAL,COLISIÓN ENTRE VEHÍCULOS,MOTO,CONDUCTOR,23,M,1,MOTO,AVENIDA JULIO FRADE,691815.41806153,6148130.36318962
422,2018-10-28T06:10:00,SALTO,SALTO,DEPARTAMENTAL,DESPISTE,MOTO,CONDUCTOR,24,M,0,"",AVENIDA MANUEL ORIBE ESQ. AVENIDA ARENAL GRANDE,412000.7036,6527103.4246
423,2018-10-28T19:30:00,FLORIDA,N/C,NACIONAL,DESPISTE,AUTO,PASAJERO,89,F,1,"","RUTA 5 KM 102,000",570148.98358586,6231716.18387674
424,2018-10-14T19:50:00,LAVALLEJA,N/C,DEPARTAMENTAL,CAÍDA,MOTO,CONDUCTOR,65,M,15,"",CAMINO HIGERITA,657904.07350146,6198013.53983291
425,2018-10-25T15:55:00,MONTEVIDEO,MONTEVIDEO,DEPARTAMENTAL,ATROPELLO DE PEATÓN,PEATÓN,PEATÓN,84,M,5,AUTO,JUAN BENITO BLANCO ESQ. MANUEL VICENTE PAGOLA,578167.5533,6136591.8917
426,2018-10-22T10:40:00,PAYSANDU,PAYSANDU,DEPARTAMENTAL,CAÍDA,MOTO,CONDUCTOR,27,M,7,"",NACIONES UNIDAS ESQ. GRITO DE ASENCIO,399467.1854,6421333.0533
427,2018-10-30T20:15:00,CANELONES,SANTA LUCÍA,DEPARTAMENTAL,COLISIÓN ENTRE VEHÍCULOS,MOTO,CONDUCTOR,20,M,0,TREN,FRANCIA ESQ. CERRITO,554858.8869,6187045.2844
428,2018-10-30T20:15:00,CANELONES,SANTA LUCÍA,DEPARTAMENTAL,COLISIÓN ENTRE VEHÍCULOS,MOTO,PASAJERO,18,M,0,TREN,FRANCIA ESQ. CERRITO,554858.8869,6187045.2844
429,2018-01-11T12:30:00,RIO NEGRO,N/C,NACIONAL,DESPISTE,AUTO,CONDUCTOR,79,M,0,"","RUTA 3 KM 325,000",429976.56,6392015.1
430,2018-01-11T12:30:00,RIO NEGRO,N/C,NACIONAL,DESPISTE,AUTO,PASAJERO,79,M,0,"","RUTA 3 KM 325,000",429976.56,6392015.1
431,2018-01-11T12:30:00,RIO NEGRO,N/C,NACIONAL,DESPISTE,AUTO,PASAJERO,74,F,0,"","RUTA 3 KM 325,000",429976.56,6392015.1
432,2018-01-11T12:30:00,ROCHA,ROCHA,NACIONAL,DESPISTE,AUTO,CONDUCTOR,67,F,0,"","RUTA 9 KM 206,000",745250.38,6179437.19
433,2018-02-11T02:22:00,CANELONES,N/C,NACIONAL,DESPISTE,MOTO,CONDUCTOR,20,M,0,"","RUTA 8 KM 34,000",597794.12,6158656.41
434,2018-02-11T09:00:00,SALTO,N/C,NACIONAL,DESPISTE,AUTO,PASAJERO,64,F,0,"","RUTA 4 KM 112,900",505223.31846538,6561111.7995272
435,2018-02-11T17:11:00,COLONIA,EL ENSUEÑO,DEPARTAMENTAL,DESPISTE,MOTO,CONDUCTOR,29,M,0,"",CALLE A RUTA 1 ESQ. NO ENCONTRADA,444215.1899,6191138.7758
436,2018-03-11T11:10:00,ROCHA,N/C,NACIONAL,DESPISTE,CAMIONETA,PASAJERO,2,M,1,"","RUTA 19 KM 17,500",817621.28598796,6269744.37720902
437,2018-04-11T17:40:00,MALDONADO,N/C,NACIONAL,DESPISTE,AUTO,PASAJERO,3,F,1,"",RUTA 104 A 500 METROS DE RUTA 9,695221.46077144,6147920.07231035
438,2018-05-11T00:27:00,SAN JOSE,N/C,NACIONAL,COLISIÓN ENTRE VEHÍCULOS,MOTO,PASAJERO,30,M,0,OMNIBUS,"RUTA 1 KM 36,000",547585.85,6158108.9
439,2018-06-11T22:15:00,MONTEVIDEO,MONTEVIDEO,DEPARTAMENTAL,ATROPELLO DE PEATÓN,PEATÓN,PEATÓN,58,F,0,MOTO,CAMINO SANFUENTES ESQ. LOS HELECHOS,565762.5316,6140681.6934
440,2018-07-11T04:05:00,MONTEVIDEO,MONTEVIDEO,DEPARTAMENTAL,COLISIÓN ENTRE VEHÍCULOS,BICICLETA,CONDUCTOR,32,M,0,AUTO,AVENIDA DON PEDRO DE MENDOZA ESQ. CAMINO GENERAL OSVALDO RODRIGUEZ,576328.0953,6149899.7527
441,2018-07-11T21:50:00,MONTEVIDEO,MONTEVIDEO,DEPARTAMENTAL,DESPISTE,MOTO,CONDUCTOR,48,M,0,"",MANUEL ACUÑA ESQ. MAESTRA JUANA MANSO,581004.7538,6142843.3899
442,2018-09-11T09:06:00,SORIANO,N/C,NACIONAL,DESPISTE,AUTO,CONDUCTOR,63,M,1,"","RUTA 96 KM 37,000",392315.31,6275876.64
443,2018-10-11T04:30:00,CERRO LARGO,MELO,DEPARTAMENTAL,DESPISTE,MOTO,CONDUCTOR,16,M,0,"","RUTA 26 KM 433,000",764557.49,6415171.92
444,2018-10-11T18:05:00,COLONIA,N/C,NACIONAL,COLISIÓN ENTRE VEHÍCULOS,AUTO,CONDUCTOR,37,M,0,CAMIONETA,"RUTA 1 KM 124,500",472129.5,6201110.17
445,2018-11-11T01:10:00,ARTIGAS,N/C,DEPARTAMENTAL,ATROPELLO DE ANIMALES,MOTO,CONDUCTOR,56,M,0,"",CAMINO PORTÓN DE FIERRO,444049.65682151,6649910.90584508
446,2018-11-11T10:30:00,LAVALLEJA,ARAMENDIA,NACIONAL,DESPISTE,AUTO,PASAJERO,62,F,1,"","RUTA 8 KM 234,000",720584,6275303.06
447,2018-09-11T13:18:00,PAYSANDU,N/C,NACIONAL,DESPISTE,AUTO,PASAJERO,91,F,3,"","RUTA 3 KM. 335,100",422881.45,6399168.45
448,2018-08-11T17:10:00,PAYSANDU,PAYSANDU,DEPARTAMENTAL,COLISIÓN ENTRE VEHÍCULOS,MOTO,CONDUCTOR,20,M,5,CAMIONETA,DOCTOR ROLDAN esq. EXODO,398296.3438,6425786.2059
449,2018-11-13T14:20:00,LAVALLEJA,N/C,NACIONAL,DESPISTE,CAMIONETA,PASAJERO,50,M,0,"","RUTA 8 KM. 156,000",689617.64,6211189.88
450,2018-11-14T11:45:00,PAYSANDU,PAYSANDU,DEPARTAMENTAL,ATROPELLO DE PEATÓN,PEATÓN,PEATÓN,79,F,0,OMNIBUS,GENERAL LEANDRO GOMEZ ESQ. ZORRILLA DE SAN MARTIN,398190.7437,6423755.1599
451,2018-11-15T04:05:00,FLORIDA,N/C,NACIONAL,DESPISTE,CAMION,CONDUCTOR,59,M,0,"","RUTA 7 KM 118,000",623762.4,6232677.96
452,2018-11-15T04:06:00,MONTEVIDEO,MONTEVIDEO,DEPARTAMENTAL,ATROPELLO DE PEATÓN,PEATÓN,PEATÓN,53,M,1,MOTO,CONTINUACION IMPERIO ESQ. AVENIDA DOCTOR SANTIN CARLOS ROSSI,568439.9957,6142232.8654
453,2018-11-16T00:50:00,MONTEVIDEO,MONTEVIDEO,DEPARTAMENTAL,CAÍDA,MOTO,CONDUCTOR,37,M,0,"",CAMINO EDISON ESQ. ALEJANDRO DUMAS,571983.2286,6146204.2161
454,2018-11-16T18:20:00,SORIANO,N/C,NACIONAL,DESPISTE,AUTO,CONDUCTOR,55,F,0,"","RUTA 105 KM. 26,500",398094.2031838,6289305.85591531
455,2018-11-17T11:05:00,MONTEVIDEO,MONTEVIDEO,DEPARTAMENTAL,COLISIÓN ENTRE VEHÍCULOS,MOTO,CONDUCTOR,48,M,0,CAMION,BERGAMO ESQ. TESINO,579521.8854,6145132.898
456,2018-10-11T14:03:00,CANELONES,PINAMAR,NACIONAL,ATROPELLO DE PEATÓN,PEATÓN,PEATÓN,71,M,1,AUTO,RUTA IB Y AV. NOGUEIRA,604734.72896485,6151053.37941036
457,2018-11-21T09:45:00,SAN JOSE,LIBERTAD,DEPARTAMENTAL,ATROPELLO DE PEATÓN,PEATÓN,PEATÓN,81,M,1,CAMION,WILSON FERREIRA ALDUNATE ESQ. APARICIO SARAVIA,535247.33374006,6166658.27103681
458,2018-11-21T19:58:00,MONTEVIDEO,MONTEVIDEO,DEPARTAMENTAL,COLISIÓN ENTRE VEHÍCULOS,MOTO,CONDUCTOR,18,M,0,MOTO,AVENIDA LUIS BATLLE BERRES ESQ. CAMINO LAS HIGUERITAS,565689.1155,6145360.9181
459,2018-11-21T19:58:00,MONTEVIDEO,MONTEVIDEO,DEPARTAMENTAL,COLISIÓN ENTRE VEHÍCULOS,MOTO,CONDUCTOR,16,M,0,MOTO,AVENIDA LUIS BATLLE BERRES ESQ. CAMINO LAS HIGUERITAS,565689.1155,6145360.9181
460,2018-11-21T18:51:00,CERRO LARGO,RIO BRANCO,DEPARTAMENTAL,COLISIÓN ENTRE VEHÍCULOS,MOTO,CONDUCTOR,40,F,4,CAMIONETA,JOSE HILARION URIARTE ESQ. JOAQUIN DE PAZ,839567.0933,6388265.1106
461,2018-11-23T17:30:00,DURAZNO,SARANDÍ DEL YI,DEPARTAMENTAL,COLISIÓN ENTRE VEHÍCULOS,MOTO,CONDUCTOR,38,M,2,AUTO,JOSE ELLAURI ESQ. BOULEVARD DOCTOR LUIS ALBERTO DE HERRERA,627860.6508,6309634.1402
462,2018-11-23T19:06:00,MALDONADO,PUNTA DEL ESTE,DEPARTAMENTAL,COLISIÓN ENTRE VEHÍCULOS,MOTO,CONDUCTOR,46,F,0,AUTO,EL REMANSO ESQ. LAS FOCAS,687965.6321,6129612.8807
463,2018-11-24T08:00:00,FLORIDA,N/C,NACIONAL,DESPISTE,AUTO,PASAJERO,11,M,0,"","RUTA 6 KM 157,000",613702.78,6275851.32
464,2018-11-24T12:00:00,CANELONES,CIUDAD DE LA COSTA,DEPARTAMENTAL,CAÍDA,MOTO,CONDUCTOR,42,F,0,"",paralela sur a RUTA IB ESQ. AVENIDA PEREZ BUTLERE,596646.83256241,6149020.3170109
465,2018-11-24T17:20:00,MONTEVIDEO,MONTEVIDEO,DEPARTAMENTAL,COLISIÓN ENTRE VEHÍCULOS,MOTO,CONDUCTOR,21,M,1,AUTO,AVENIDA BURGUES ESQ. SORATA,575465.2117,6143804.8397
466,2018-11-24T21:00:00,ROCHA,LA PALOMA,NACIONAL,CAÍDA,MOTO,CONDUCTOR,68,M,1,"",RUTA 15 ESQ. MILSEV (ROTONDA),760088.83455812,6163132.02044914
467,2018-11-24T23:00:00,CANELONES,CIUDAD DE LA COSTA,DEPARTAMENTAL,ATROPELLO DE PEATÓN,PEATÓN,PEATÓN,57,F,0,AUTO,AVENIDA WILSON FERREIRA ALDUNATE ESQ. DOCTOR EDUARDO ACEVEDO,586917.74024794,6142207.09985169
468,2018-11-25T11:46:00,CANELONES,ATLANTIDA,NACIONAL,COLISIÓN ENTRE VEHÍCULOS,CAMIONETA,CONDUCTOR,68,M,0,CAMIONETA,"RUTA IB KM 46,300",613940.51,6152298.15
469,2018-11-22T11:50:00,MONTEVIDEO,MONTEVIDEO,DEPARTAMENTAL,COLISIÓN ENTRE VEHÍCULOS,MOTO,CONDUCTOR,19,M,4,OMNIBUS,AVENIDA GENERAL FLORES ESQ. CARRERAS NACIONALES,577353.4543,6143885.15
470,2018-11-28T20:30:00,PAYSANDU,N/C,NACIONAL,COLISIÓN ENTRE VEHÍCULOS,TRICICLO,PASAJERO,56,M,0,AUTO,"RUTA 3 KM 471,000",413715.73,6513873
471,2018-11-29T02:45:00,CANELONES,CANELONES,DEPARTAMENTAL,DESPISTE,AUTO,CONDUCTOR,,"",0,"",ESTADOS UNIDOS ESQ. UTE 8,566156.9296,6177695.1718
472,2018-11-29T21:40:00,SALTO,SALTO,DEPARTAMENTAL,ATROPELLO DE PEATÓN,PEATÓN,PEATÓN,67,F,2,BICICLETA,DAMASO ANTONIO LARRAÑAGA ESQ. GENERAL JOSE G. ARTIGAS,408195.5514,6526914.2301
473,2018-01-12T23:09:00,SORIANO,N/C,NACIONAL,COLISIÓN ENTRE VEHÍCULOS,MOTO,CONDUCTOR,56,M,0,CAMION,"RUTA 21 KM 334,000",393878.54,6300136.36
474,2018-01-12T23:15:00,MALDONADO,PUNTA DEL ESTE,DEPARTAMENTAL,ATROPELLO DE PEATÓN,PEATÓN,PEATÓN,63,M,0,AUTO,AV. GORLERO ESQ. EL ESTRECHO,687404.7631,6128861.5939
475,2018-02-12T18:10:00,COLONIA,N/C,NACIONAL,DESPISTE,AUTO,CONDUCTOR,59,M,0,"","RUTA 21 KM 194,000",419982.73,6203123.89
476,2018-03-12T10:40:00,MALDONADO,PIRIAPOLIS,DEPARTAMENTAL,COLISIÓN ENTRE VEHÍCULOS,MOTO,CONDUCTOR,40,M,0,CAMIONETA,GENERAL JOSE G. ARTIGAS ESQ. ITUZAINGO,657644.8267,6142084.5041
477,2018-04-12T14:50:00,PAYSANDU,PAYSANDU,DEPARTAMENTAL,CAÍDA,MOTO,CONDUCTOR,72,M,0,"",BALDOMIRO VIDAL ESQ. PRESBITERO HORACIO MERIGGI,397188.3542,6425304.7231
478,2018-06-12T14:15:00,RIVERA,RIVERA,DEPARTAMENTAL,COLISIÓN ENTRE VEHÍCULOS,MOTO,CONDUCTOR,47,F,0,AUTO,AVENIDA ITALIA ESQ. ENTRADA A MANDUBI,638154.1833,6579299.2847
479,2018-06-12T20:00:00,ARTIGAS,N/C,NACIONAL,ATROPELLO DE ANIMALES,CABALLO,CONDUCTOR,63,M,0,CAMION,"RUTA 30 KM 126,000",547188.15,6633616.04
480,2018-11-18T04:45:00,COLONIA,JUAN LACAZE,DEPARTAMENTAL,CAÍDA,MOTO,CONDUCTOR,33,M,21,"",CALLE 54 ESQ. CALLE 11,458893.7176,6192266.6634
481,2018-07-12T15:30:00,SALTO,SALTO,DEPARTAMENTAL,ATROPELLO DE PEATÓN,PEATÓN,PEATÓN,77,M,1,AUTO,AVENIDA PASCUAL HARRIAGUE ESQ. MISIONES,408748.4625,6526057.3432
482,2018-08-12T15:40:00,SAN JOSE,N/C,NACIONAL,ATROPELLO DE PEATÓN,PEATÓN,PEATÓN,2,M,1,AUTO,"RUTA 3 KM 85,500",524531.16,6194392.29
483,2018-09-12T05:11:00,CANELONES,N/C,NACIONAL,DESPISTE,AUTO,CONDUCTOR,49,M,0,"","RUTA 8 KM 33,000",596932.65,6158300.95
484,2018-10-12T00:58:00,CANELONES,N/C,NACIONAL,COLISIÓN ENTRE VEHÍCULOS,MOTO,CONDUCTOR,44,M,0,CAMION,"RUTA 63 KM 1,000",556632.41,6188631.92
485,2018-10-12T19:30:00,MALDONADO,MALDONADO,DEPARTAMENTAL,COLISIÓN ENTRE VEHÍCULOS,MOTO,CONDUCTOR,54,M,0,CAMION,"APARICIO SARAVIA ANTES DE LLEGAR A 
PASO LA CADENA",688733.75529623,6137185.98578557
486,2018-11-12T15:55:00,FLORIDA,N/C,NACIONAL,COLISIÓN ENTRE VEHÍCULOS,CAMIONETA,CONDUCTOR,36,M,0,AUTO,"RUTA 5 KM 166,000",554600.81,6291599.66
487,2018-11-12T22:30:00,SAN JOSE,SAN JOSE DE MAYO,DEPARTAMENTAL,CAÍDA,BICICLETA,CONDUCTOR,36,M,1,"",MANUEL D RODRIGUEZ ESQ. ANTONIO PAN,527109.387,6201203.5503
488,2018-12-12T14:00:00,MONTEVIDEO,MONTEVIDEO,DEPARTAMENTAL,COLISIÓN ENTRE VEHÍCULOS,BICICLETA,CONDUCTOR,31,F,0,CAMION,CAMINO CORONEL RAIZ ESQ. BOULEVARD APARICIO SARAVIA,573104.6409,6145827.981
489,2018-10-12T07:50:00,TACUAREMBO,ACHAR,DEPARTAMENTAL,CAÍDA,MOTO,CONDUCTOR,35,F,4,"",CALLE 21 ESQ. CALLE 6,577307.2825,6414534.6274
490,2018-11-12T19:03:00,TACUAREMBO,ANSINA,DEPARTAMENTAL,ATROPELLO DE PEATÓN,PEATÓN,PEATÓN,94,M,5,MOTO,AV. MAURICIO LOPEZ LOMBA ESQ. WASHINTON PUENTES CHIESA,645602.88153449,6471967.41082175
491,2018-12-14T10:00:00,FLORES,N/C,NACIONAL,DESPISTE,AUTO,CONDUCTOR,45,F,0,"","RUTA 3 KM 157,500",520591.67,6262079.08
492,2018-12-15T04:37:00,MONTEVIDEO,MONTEVIDEO,NACIONAL,DESPISTE,MOTO,CONDUCTOR,38,M,0,"","RUTA 1 KM 9,500",566340.62,6143044.82
493,2018-12-15T10:10:00,TACUAREMBO,TACUAREMBO,DEPARTAMENTAL,COLISIÓN ENTRE VEHÍCULOS,MOTO,CONDUCTOR,53,M,0,CAMIONETA,INTENDENTE OLIVER ESQ. PEDRO REGGI,594918.8112,6491421.4351
494,2018-12-15T20:44:00,TACUAREMBO,PASO DE LOS TOROS,NACIONAL,COLISIÓN ENTRE VEHÍCULOS,BICICLETA,CONDUCTOR,54,M,0,AUTO,"RUTA 5 KM 251,000",545598.82,6370549.66
495,2018-12-16T06:50:00,CANELONES,N/C,NACIONAL,ATROPELLO DE PEATÓN,PEATÓN,PEATÓN,20,M,0,AUTO,"RUTA 5 KM 33,000",568661.4,6167142
496,2018-12-16T07:25:00,TACUAREMBO,N/C,NACIONAL,DESPISTE,OMNIBUS,CONDUCTOR,40,M,0,"","RUTA 5 KM 359,000",590884.64,6463174.94
497,2018-08-11T08:44:00,MONTEVIDEO,MONTEVIDEO,DEPARTAMENTAL,ATROPELLO DE PEATÓN,PEATÓN,PEATÓN,66,M,1,TREN,INGENIERO JUAN ALBERTO CAPURRO ESQ. URUGUAYANA,572279.7518,6141092.4726
498,2018-11-20T14:40:00,CANELONES,N/C,DEPARTAMENTAL,COLISIÓN ENTRE VEHÍCULOS,AUTO,CONDUCTOR,32,M,0,TREN,Camino Albatros ESQ. CRUCE FERROVIARIO,569418.90867509,6169940.95377651
499,2018-11-12T20:35:00,CANELONES,LAS PIEDRAS,DEPARTAMENTAL,ATROPELLO DE PEATÓN,PEATÓN,PEATÓN,44,M,0,TREN,DOCTOR ELIAS REGULES ESQ. CANADA,571893.1255,6159635.4278
500,2018-12-20T21:40:00,MALDONADO,PLAYA GRANDE,DEPARTAMENTAL,COLISIÓN ENTRE VEHÍCULOS,BICICLETA,CONDUCTOR,53,M,0,CAMIONETA,CALLE 15 ESQ. CALLE 5,655528.7701,6141942.7511
501,2018-12-21T02:15:00,MALDONADO,PINARES LAS DELICIAS,DEPARTAMENTAL,COLISIÓN ENTRE VEHÍCULOS,MOTO,CONDUCTOR,19,M,0,OMNIBUS,"AV. FRANCIA ESQ. AVENIDA LOS 
ALPES",686943.0587,6132760.2929
502,2018-12-21T05:30:00,MONTEVIDEO,MONTEVIDEO,DEPARTAMENTAL,COLISIÓN ENTRE VEHÍCULOS,BICICLETA,CONDUCTOR,41,M,0,AUTO,CAMINO CARMELO COLMAN ESQ.CAMINO MANUEL FORTET,572277.7108,6148435.8516
503,2018-12-21T14:41:00,CANELONES,N/C,NACIONAL,ATROPELLO DE PEATÓN,PEATÓN,PEATÓN,15,F,0,AUTO,"RUTA 84 KM 1,500",584226.37,6152345.19
504,2018-12-21T22:28:00,COLONIA,COLONIA DEL SACRAMENTO,DEPARTAMENTAL,DESPISTE,MOTO,CONDUCTOR,42,M,0,"",MUNICIPIO ESQ JUSTICIA,423249.1109,6187469.7389
505,2018-12-21T22:50:00,MONTEVIDEO,MONTEVIDEO,DEPARTAMENTAL,COLISIÓN ENTRE VEHÍCULOS,MOTO,CONDUCTOR,21,M,0,AUTO,DOCTOR EMILIO RAVIGNAN ESQ. DOCTOR LUIS BRUSCO,581308.0315,6141473.2019
506,2018-12-22T21:12:00,CANELONES,LAS TOSCAS,NACIONAL,ATROPELLO DE PEATÓN,PEATÓN,PEATÓN,54,M,0,AUTO,"RUTA INTERBALNEARIA KM 47,600",615133.11,6152719.13
507,2018-12-23T03:21:00,PAYSANDU,GUICHON,DEPARTAMENTAL,DESPISTE,MOTO,CONDUCTOR,25,M,1,"",AVENIDA PEDRO LUIS GUICHON ESQ PROYECTADA --CERCA FLORIDA-,480731.6353,6419587.4546
508,2018-12-23T10:00:00,MALDONADO,PUNTA DEL ESTE,DEPARTAMENTAL,COLISIÓN ENTRE VEHÍCULOS,MOTO,CONDUCTOR,21,F,1,AUTO,BULEVAR ARTIGAS FRENTE A ROTONDA DE DEVOTO,688357.51704376,6132249.11549517
509,2018-12-23T16:28:00,CANELONES,CITY GOLF,DEPARTAMENTAL,DESPISTE,MOTO,CONDUCTOR,17,M,1,"",CALLE 18 ESQ. CALLE 12,612340.4008,6153034.9655
510,2018-12-26T10:36:00,COLONIA,N/C,NACIONAL,COLISIÓN ENTRE VEHÍCULOS,BICICLETA,CONDUCTOR,61,M,0,AUTO,"RUTA 21 KM 184,000",422298.01,6193516.47
511,2018-12-26T07:10:00,CANELONES,JAUREGUIBERRY,NACIONAL,COLISIÓN ENTRE VEHÍCULOS,AUTO,PASAJERO,0,F,1,AUTO,"RUTA INTERBALNEARIA KM 80,000",646050.04,6150083.74
512,2018-12-26T13:30:00,CANELONES,CIUDAD DE LA COSTA,DEPARTAMENTAL,DESPISTE,AUTO,CONDUCTOR,47,M,1,"",DEL LUCERO ESQ. RAMBLA COSTANERA,592190.535,6142325.3486
513,2018-12-26T18:25:00,CANELONES,CIUDAD DE LA COSTA,NACIONAL,COLISIÓN ENTRE VEHÍCULOS,MOTO,CONDUCTOR,30,M,1,CAMIONETA,RUTA INTERBALNEARIA KM 30.500,598588.7,6149852.02
514,2018-12-29T07:00:00,CANELONES,LA PAZ,DEPARTAMENTAL,COLISIÓN ENTRE VEHÍCULOS,BICICLETA,CONDUCTOR,18,M,1,CAMION,JUAN ZORRILLA DE SAN MARTIN ESQ. PEDRO ROSA GIFFUNI,570856.2385,6153191.165
515,2018-12-30T21:32:00,MONTEVIDEO,MONTEVIDEO,DEPARTAMENTAL,COLISIÓN ENTRE VEHÍCULOS,AUTO,PASAJERO,69,F,1,OMNIBUS,MAGALLANES ESQ. GALICIA,574690.6628,6137919.3052
516,2018-12-31T07:20:00,LAVALLEJA,AGUAS BLANCAS,NACIONAL,COLISIÓN ENTRE VEHÍCULOS,AUTO,CONDUCTOR,52,F,0,CAMIONETA,"RUTA 8 KM 92,000",642073.37,6182165.01
517,2018-12-31T10:30:00,SALTO,SALTO,DEPARTAMENTAL,COLISIÓN ENTRE VEHÍCULOS,BICICLETA,CONDUCTOR,81,M,1,CAMIONETA,AVENIDA MANUEL ORIBE ESQ. YARO,413492.43543493,6527064.33981495
518,2018-12-31T18:07:00,MONTEVIDEO,MONTEVIDEO,DEPARTAMENTAL,COLISIÓN ENTRE VEHÍCULOS,AUTO,PASAJERO,43,F,1,CAMIONETA,AVENIDA JOAQUIN SUAREZ ESQ. BOULEVARD GENERAL ARTIGAS,573428.0693,6140871.6724
519,2018-12-31T18:07:00,MONTEVIDEO,MONTEVIDEO,DEPARTAMENTAL,COLISIÓN ENTRE VEHÍCULOS,AUTO,CONDUCTOR,55,M,0,CAMIONETA,AVENIDA JOAQUIN SUAREZ ESQ. BOULEVARD GENERAL ARTIGAS,573428.0693,6140871.6724
520,2018-12-13T16:30:00,CANELONES,VILLA ANITA,NACIONAL,COLISIÓN ENTRE VEHÍCULOS,BICICLETA,CONDUCTOR,69,M,1,AUTO,RUTA 8 KM 27.500,592618.61,6154885.31
521,2018-12-17T10:00:00,MALDONADO,N/C,NACIONAL,COLISIÓN ENTRE VEHÍCULOS,CAMIONETA,PASAJERO,65,F,13,AUTO,"RUTA 9 KM 176,000",723911.12,6160101.88
522,2018-12-18T18:40:00,MALDONADO,PIRIAPOLIS,DEPARTAMENTAL,DESPISTE,MOTO,CONDUCTOR,24,M,12,"",DOCTOR FRANCISCO SOCA ESQ. RAMBLA DE LOS INGLESES,657290.57832907,6138529.79837361
523,2018-12-24T16:00:00,MALDONADO,MALDONADO,DEPARTAMENTAL,COLISIÓN ENTRE VEHÍCULOS,MOTO,CONDUCTOR,42,M,11,AUTO,AVENIDA ANTONIO LUSSICH ESQ. MESINA,685771.9312,6136258.8433
524,2018-12-25T02:20:00,CANELONES,EL GALEON,DEPARTAMENTAL,DESPISTE,MOTO,CONDUCTOR,46,M,4,"",AVENIDA CENTRAL,638501.71524882,6148923.21473336
525,2018-12-31T21:00:00,CERRO LARGO,N/C,NACIONAL,DESPISTE,MOTO,CONDUCTOR,51,M,3,"","RUTA 8 KM 374,000",769342.35,6396733.35
526,2018-12-30T22:25:00,MALDONADO,SAN CARLOS,DEPARTAMENTAL,COLISIÓN ENTRE VEHÍCULOS,MOTO,CONDUCTOR,78,M,13,AUTO,RECONQUISTA ESQ. RINCON,689544.8862,6147722.0407
527,2018-08-23T20:50:00,MALDONADO,SAN CARLOS,DEPARTAMENTAL,COLISIÓN ENTRE VEHÍCULOS,MOTO,PASAJERO,86,F,17,AUTO,GENERAL JOSE G. ARTIGAS --EX COSTANERA-- ESQ. VEINTICINCO DE AGOSTO,691453.685,6148102.8365
528,2018-09-21T12:35:00,ROCHA,CHUY,DEPARTAMENTAL,COLISIÓN ENTRE VEHÍCULOS,AUTO,CONDUCTOR,66,M,0,AUTO,BRASIL ESQ. TITO FERNANDEZ,829063.584,6266220.111
